NUTS_ID,CROP_NAME,VARIABLE,AVG_VALUE,YEAR_MIN,YEAR_MAX,YEAR_COUNT,UNIT,SOURCE,LATITUDE,LONGITUDE
AT11,Total wheat,Area,44493.28352941176,2006,2022,17,ha,NSI,47.23607559200008,16.287376375000065
AT12,Total wheat,Area,179513.84411764707,2006,2022,17,ha,NSI,48.25887966800008,15.760103308000055
AT13,Total wheat,Area,1412.8664705882352,2006,2022,17,ha,NSI,48.20277454100005,16.393215114000043
AT21,Total wheat,Area,2996.106875,2007,2022,16,ha,NSI,46.716091136000045,14.462861124000028
AT22,Total wheat,Area,6873.790588235294,2006,2022,17,ha,NSI,47.18181399300005,15.52470687500005
AT31,Total wheat,Area,48374.446470588235,2006,2022,17,ha,NSI,48.143015208000065,13.950301256000046
AT32,Total wheat,Area,254.05999999999997,2008,2022,12,ha,NSI,47.282274201000064,13.000196795000022
AT33,Total wheat,Area,121.320625,2007,2022,16,ha,NSI,47.180935247000036,10.763511226000048
AT34,Total wheat,Area,9.27,2008,2022,13,ha,NSI,47.236601214000075,9.885115430000042
BE10,Total wheat,Area,346.0,2006,2016,10,ha,Mixed,50.840051206000055,4.356929018000073
BE21,Total wheat,Area,1439.6470588235295,2006,2022,17,ha,Mixed,51.22122368500004,4.724505922000048
BE22,Total wheat,Area,8815.0,2006,2022,17,ha,Mixed,50.98167502000007,5.412069092000024
BE23,Total wheat,Area,12785.0,2006,2022,17,ha,Mixed,51.03164618900007,3.809139973000072
BE24,Total wheat,Area,17724.647058823528,2006,2022,17,ha,Mixed,50.87369647100007,4.572486175000051
BE25,Total wheat,Area,26260.29411764706,2006,2022,17,ha,Mixed,51.01778623300004,3.051667941000062
BE31,Total wheat,Area,20744.29411764706,2006,2022,17,ha,Mixed,50.66591500100003,4.59226239700007
BE32,Total wheat,Area,54218.58823529412,2006,2022,17,ha,Mixed,50.52547120200006,3.916978250000057
BE33,Total wheat,Area,24455.647058823528,2006,2022,17,ha,Mixed,50.520304870000075,5.731036154000037
BE34,Total wheat,Area,4505.470588235294,2006,2022,17,ha,Mixed,49.956790666000074,5.521065669000052
BE35,Total wheat,Area,32286.647058823528,2006,2022,17,ha,Mixed,50.27364334600003,4.867007200000046
BG31,Total wheat,Area,239466.0625,2006,2021,16,ha,NSI,43.42009425300006,23.876275132000046
BG32,Total wheat,Area,233298.6875,2006,2021,16,ha,NSI,43.22229867900006,25.593005066000046
BG33,Total wheat,Area,287548.75,2006,2021,16,ha,NSI,43.36483347600006,27.35116520300005
BG34,Total wheat,Area,234997.25,2006,2021,16,ha,NSI,42.47985229200003,26.553411965000066
BG41,Total wheat,Area,66721.0,2006,2021,16,ha,NSI,42.32353712200006,23.33565629800006
BG42,Total wheat,Area,115193.75,2006,2021,16,ha,NSI,41.742121878000034,25.166902251000067
CY,Total wheat,Area,9202.105263157895,2006,2024,19,ha,Eurostat,35.028353010000046,33.173903437000035
CZ010,Total wheat,Area,4092.2766666666666,2006,2020,15,ha,NSI,50.066265015000056,14.462998193000033
CZ020,Total wheat,Area,172763.45933333333,2006,2020,15,ha,NSI,49.74228369700006,14.454853810000031
CZ031,Total wheat,Area,78927.48533333333,2006,2020,15,ha,NSI,49.10306733300007,14.412144824000052
CZ032,Total wheat,Area,61813.488,2006,2020,15,ha,NSI,49.59835613800004,13.218227421000051
CZ041,Total wheat,Area,11796.03,2006,2020,15,ha,NSI,50.16991576500004,12.718655322000075
CZ042,Total wheat,Area,64996.130666666664,2006,2020,15,ha,NSI,50.52979452800008,13.839041703000078
CZ051,Total wheat,Area,12238.021999999999,2006,2020,15,ha,NSI,50.734677248000025,14.974564517000033
CZ052,Total wheat,Area,55689.94066666667,2006,2020,15,ha,NSI,50.38975137300008,15.856985148000035
CZ053,Total wheat,Area,51222.66333333333,2006,2020,15,ha,NSI,49.87478596200003,16.506849
CZ063,Total wheat,Area,71149.382,2006,2020,15,ha,NSI,49.41830265200008,15.679046795000033
CZ064,Total wheat,Area,114151.20733333332,2006,2020,15,ha,NSI,49.07754601600004,16.637649433000036
CZ071,Total wheat,Area,52357.566,2006,2020,15,ha,NSI,49.60931472000004,17.360528250000073
CZ072,Total wheat,Area,33640.75466666667,2006,2020,15,ha,NSI,49.22542877200004,17.74139824200006
CZ080,Total wheat,Area,39335.194,2006,2020,15,ha,NSI,49.80287325200004,18.00982293000004
DE111,Total wheat,Area,435.75,2007,2020,4,ha,NSI,48.77094657200007,9.180482772000062
DE112,Total wheat,Area,4867.0,2007,2020,4,ha,NSI,48.68260942400008,8.948777975000041
DE113,Total wheat,Area,2909.25,2007,2020,4,ha,NSI,48.656584,9.364520527000025
DE114,Total wheat,Area,3196.5,2007,2020,4,ha,NSI,48.66796724100004,9.71972687400006
DE115,Total wheat,Area,8195.0,2007,2020,4,ha,NSI,48.939349467000056,9.117831847000048
DE116,Total wheat,Area,3037.5,2007,2020,4,ha,NSI,48.90086887500007,9.485702025000023
DE117,Total wheat,Area,1029.25,2007,2020,4,ha,NSI,49.14872347700003,9.191961293000077
DE118,Total wheat,Area,13879.25,2007,2020,4,ha,NSI,49.10580306500003,9.350176125000075
DE119,Total wheat,Area,9972.5,2007,2020,4,ha,NSI,49.296791925000036,9.619886976000032
DE11A,Total wheat,Area,14315.25,2007,2020,4,ha,NSI,49.15462856500005,9.909347092000075
DE11B,Total wheat,Area,19617.5,2007,2020,4,ha,NSI,49.54977960800005,9.73425034500002
DE11C,Total wheat,Area,5603.75,2007,2020,4,ha,NSI,48.655150795000054,10.176809761000072
DE11D,Total wheat,Area,8971.25,2007,2020,4,ha,NSI,48.87865008500006,10.090453913000033
DE121,Total wheat,Area,63.666666666666664,2007,2016,3,ha,NSI,48.74798638900006,8.23835673900004
DE122,Total wheat,Area,385.75,2007,2020,4,ha,NSI,49.022735847000035,8.350031434000073
DE123,Total wheat,Area,7993.5,2007,2020,4,ha,NSI,49.120689123000034,8.569539250000048
DE124,Total wheat,Area,1625.25,2007,2020,4,ha,NSI,48.66215036600005,8.188127750000035
DE125,Total wheat,Area,384.75,2007,2020,4,ha,NSI,49.40247109500007,8.704386579000072
DE126,Total wheat,Area,685.5,2007,2020,4,ha,NSI,49.507560614000056,8.491668254000047
DE127,Total wheat,Area,11800.0,2007,2020,4,ha,NSI,49.47676676400005,9.298988057000031
DE128,Total wheat,Area,9205.0,2007,2020,4,ha,NSI,49.293752779000044,8.781411500000047
DE129,Total wheat,Area,145.0,2007,2016,3,ha,NSI,48.87407458000007,8.708907454000041
DE12A,Total wheat,Area,2162.0,2007,2020,4,ha,NSI,48.680683904000034,8.625681806000046
DE12B,Total wheat,Area,3780.25,2007,2020,4,ha,NSI,48.95855045400003,8.711186500000053
DE12C,Total wheat,Area,2651.5,2007,2020,4,ha,NSI,48.48032156600004,8.468067738000059
DE131,Total wheat,Area,195.25,2007,2020,4,ha,NSI,48.00392372300007,7.81563361700006
DE132,Total wheat,Area,2666.25,2007,2020,4,ha,NSI,47.949712687000044,7.992512001000023
DE133,Total wheat,Area,1493.25,2007,2020,4,ha,NSI,48.14614865200008,7.887008480000077
DE134,Total wheat,Area,5393.0,2007,2020,4,ha,NSI,48.41319983100004,8.025718101000052
DE135,Total wheat,Area,4030.5,2007,2020,4,ha,NSI,48.24334806100006,8.53187523300005
DE136,Total wheat,Area,3481.5,2007,2020,4,ha,NSI,48.006898955000054,8.411693562000039
DE137,Total wheat,Area,2032.0,2007,2020,4,ha,NSI,48.03216703700008,8.80816475000006
DE138,Total wheat,Area,4338.5,2007,2020,4,ha,NSI,47.79236889900005,8.90715186500006
DE139,Total wheat,Area,1658.5,2007,2020,4,ha,NSI,47.69048142400004,7.766870309000069
DE13A,Total wheat,Area,2895.5,2007,2020,4,ha,NSI,47.69906292500008,8.215396958000042
DE141,Total wheat,Area,4779.5,2007,2020,4,ha,NSI,48.41309925400003,9.345666981000022
DE142,Total wheat,Area,4564.25,2007,2020,4,ha,NSI,48.47869415200006,8.98410485900007
DE143,Total wheat,Area,3399.0,2007,2020,4,ha,NSI,48.27361069400007,8.931564775000027
DE144,Total wheat,Area,1327.75,2007,2020,4,ha,NSI,48.413321636000035,9.980602800000042
DE145,Total wheat,Area,16297.75,2007,2020,4,ha,NSI,48.412359536000054,9.825123486000052
DE146,Total wheat,Area,13307.25,2007,2020,4,ha,NSI,48.09361183100003,9.802340798000046
DE147,Total wheat,Area,2668.0,2007,2020,4,ha,NSI,47.70300409400005,9.389461784000048
DE148,Total wheat,Area,4976.5,2007,2020,4,ha,NSI,47.828265771000076,9.78838225100003
DE149,Total wheat,Area,8930.75,2007,2020,4,ha,NSI,48.03158637700005,9.24109528300005
DE211,Total wheat,Area,2164.25,2007,2020,4,ha,NSI,48.742634785000064,11.38991659800007
DE212,Total wheat,Area,911.25,2007,2020,4,ha,NSI,48.16368545500006,11.519762877000062
DE213,Total wheat,Area,56.25,2007,2020,4,ha,NSI,47.84777423700007,12.110337345000062
DE214,Total wheat,Area,5030.5,2007,2020,4,ha,NSI,48.22091695800003,12.712905737000028
DE215,Total wheat,Area,439.5,2007,2020,4,ha,NSI,47.634531423000055,12.958490500000039
DE216,Total wheat,Area,244.75,2007,2020,4,ha,NSI,47.744622797000034,11.49309872300006
DE217,Total wheat,Area,9336.75,2007,2020,4,ha,NSI,48.329583670000034,11.371657584000047
DE218,Total wheat,Area,2571.5,2007,2020,4,ha,NSI,48.098810987000036,11.897633217000077
DE219,Total wheat,Area,16396.75,2007,2020,4,ha,NSI,48.90022312500008,11.350253018000046
DE21A,Total wheat,Area,12951.25,2007,2020,4,ha,NSI,48.295765998000036,11.983441564000032
DE21B,Total wheat,Area,11155.75,2007,2020,4,ha,NSI,48.44857415800004,11.740984823000076
DE21C,Total wheat,Area,5277.0,2007,2020,4,ha,NSI,48.18133485200008,11.213405240000043
DE21D,Total wheat,Area,17.0,2007,2020,4,ha,NSI,47.52915186600006,11.135595490000071
DE21E,Total wheat,Area,5375.5,2007,2020,4,ha,NSI,48.03072790900006,10.950314982000066
DE21F,Total wheat,Area,158.25,2007,2020,4,ha,NSI,47.74205417500008,11.801512994000063
DE21G,Total wheat,Area,8272.5,2007,2020,4,ha,NSI,48.24136719100005,12.384349340000028
DE21H,Total wheat,Area,2802.75,2007,2020,4,ha,NSI,48.00452789700006,11.616410182000038
DE21I,Total wheat,Area,6507.5,2007,2020,4,ha,NSI,48.665756387000044,11.200451114000032
DE21J,Total wheat,Area,6273.75,2007,2020,4,ha,NSI,48.59793069800003,11.51474997400004
DE21K,Total wheat,Area,2551.5,2007,2020,4,ha,NSI,47.90846012900005,12.269619816000045
DE21L,Total wheat,Area,1592.75,2007,2020,4,ha,NSI,48.00355864800008,11.28026283500003
DE21M,Total wheat,Area,5048.25,2007,2020,4,ha,NSI,47.891362669000046,12.588324059000058
DE21N,Total wheat,Area,551.75,2007,2020,4,ha,NSI,47.81265108400004,11.055585250000036
DE221,Total wheat,Area,691.75,2007,2020,4,ha,NSI,48.537102934000075,12.145548914000074
DE222,Total wheat,Area,117.25,2007,2020,4,ha,NSI,48.581547690000036,13.436000984000032
DE223,Total wheat,Area,1106.0,2007,2020,4,ha,NSI,48.87998450300006,12.565514411000038
DE224,Total wheat,Area,9480.25,2007,2020,4,ha,NSI,48.77995834300003,13.007966960000033
DE225,Total wheat,Area,174.25,2007,2020,4,ha,NSI,48.82980739700008,13.507219547000034
DE226,Total wheat,Area,9627.75,2007,2020,4,ha,NSI,48.78787023000007,11.82629976800007
DE227,Total wheat,Area,25154.75,2007,2020,4,ha,NSI,48.44473744700008,12.209170250000057
DE228,Total wheat,Area,11635.75,2007,2020,4,ha,NSI,48.50495784600008,13.194740500000023
DE229,Total wheat,Area,148.5,2007,2020,4,ha,NSI,49.01779677300004,13.095322377000059
DE22A,Total wheat,Area,15158.0,2007,2020,4,ha,NSI,48.41536944300003,12.862028855000062
DE22B,Total wheat,Area,17005.25,2007,2020,4,ha,NSI,48.84881627500005,12.702388874000064
DE22C,Total wheat,Area,16193.0,2007,2020,4,ha,NSI,48.639327198000046,12.648383250000052
DE231,Total wheat,Area,412.0,2007,2020,4,ha,NSI,49.44966242500004,11.846221886000023
DE232,Total wheat,Area,829.25,2007,2020,4,ha,NSI,49.01098116400004,12.114655920000075
DE233,Total wheat,Area,314.25,2007,2020,4,ha,NSI,49.67234993900007,12.134023741000021
DE234,Total wheat,Area,5285.25,2007,2020,4,ha,NSI,49.48627883200004,11.697188750000066
DE235,Total wheat,Area,4067.25,2007,2020,4,ha,NSI,49.232303916000035,12.687076069000057
DE236,Total wheat,Area,7879.5,2007,2020,4,ha,NSI,49.21346501700003,11.569519408000076
DE237,Total wheat,Area,3047.75,2007,2020,4,ha,NSI,49.654393010000035,12.352999500000067
DE238,Total wheat,Area,19105.75,2007,2020,4,ha,NSI,49.08475863100006,11.864595375000022
DE239,Total wheat,Area,5019.5,2007,2020,4,ha,NSI,49.36424126900005,12.255263053000022
DE23A,Total wheat,Area,3366.75,2007,2020,4,ha,NSI,49.88238516200005,12.37695025000005
DE241,Total wheat,Area,99.25,2007,2020,4,ha,NSI,49.887315142000034,10.900528026000075
DE242,Total wheat,Area,480.25,2007,2020,4,ha,NSI,49.936436435000076,11.586652354000023
DE243,Total wheat,Area,285.0,2007,2020,4,ha,NSI,50.26476935300008,10.954363071000046
DE244,Total wheat,Area,173.0,2007,2020,4,ha,NSI,50.310318050000035,11.899747729000069
DE245,Total wheat,Area,9116.75,2007,2020,4,ha,NSI,49.91669980800003,11.047039750000067
DE246,Total wheat,Area,3274.75,2007,2020,4,ha,NSI,49.809844561000034,11.570900749000032
DE247,Total wheat,Area,7029.25,2007,2020,4,ha,NSI,50.19890959400004,10.844946950000065
DE248,Total wheat,Area,2766.75,2007,2020,4,ha,NSI,49.72120074900005,11.17023458500006
DE249,Total wheat,Area,2679.0,2007,2020,4,ha,NSI,50.208823462000055,11.850971500000071
DE24A,Total wheat,Area,1361.25,2007,2020,4,ha,NSI,50.31545852800008,11.37393002300007
DE24B,Total wheat,Area,2435.5,2007,2020,4,ha,NSI,50.105692446000035,11.47033434900004
DE24C,Total wheat,Area,4064.75,2007,2020,4,ha,NSI,50.105291081000075,11.149731592000023
DE24D,Total wheat,Area,777.0,2007,2020,4,ha,NSI,50.09315473100003,12.034489645000065
DE251,Total wheat,Area,591.5,2007,2020,4,ha,NSI,49.29468705700003,10.570216268000024
DE252,Total wheat,Area,409.25,2007,2020,4,ha,NSI,49.564382169000055,10.97815900300003
DE253,Total wheat,Area,262.0,2007,2020,4,ha,NSI,49.50202724500008,10.97103246100005
DE254,Total wheat,Area,249.25,2007,2020,4,ha,NSI,49.43802842100007,11.074528772000065
DE255,Total wheat,Area,108.75,2007,2020,4,ha,NSI,49.33720995900006,11.023903142000052
DE256,Total wheat,Area,12788.75,2007,2020,4,ha,NSI,49.21616572900007,10.379250119000062
DE257,Total wheat,Area,2935.75,2007,2020,4,ha,NSI,49.65538948600005,10.967361
DE258,Total wheat,Area,3203.0,2007,2020,4,ha,NSI,49.444816856000045,10.857473781000067
DE259,Total wheat,Area,1861.0,2007,2020,4,ha,NSI,49.49495892200008,11.370849419000024
DE25A,Total wheat,Area,13814.25,2007,2020,4,ha,NSI,49.571482555000046,10.465705822000075
DE25B,Total wheat,Area,4021.0,2007,2020,4,ha,NSI,49.21419009500005,11.109797539000056
DE25C,Total wheat,Area,7565.25,2007,2020,4,ha,NSI,49.02846722800007,10.91257739100007
DE261,Total wheat,Area,101.33333333333333,2007,2020,3,ha,NSI,49.958894386000054,9.156573939000054
DE262,Total wheat,Area,153.33333333333334,2007,2020,3,ha,NSI,50.04540892500006,10.222747531000039
DE263,Total wheat,Area,789.0,2007,2020,4,ha,NSI,49.78225555500006,9.940338566000037
DE264,Total wheat,Area,1816.75,2007,2020,4,ha,NSI,50.01576307700003,9.233322476000069
DE265,Total wheat,Area,7788.0,2007,2020,4,ha,NSI,50.22787821400004,9.95715074100002
DE266,Total wheat,Area,12178.5,2007,2020,4,ha,NSI,50.360226245000035,10.27943145100005
DE267,Total wheat,Area,11401.5,2007,2020,4,ha,NSI,50.085049850000075,10.62205371400006
DE268,Total wheat,Area,10466.25,2007,2020,4,ha,NSI,49.76371293500006,10.284090315000071
DE269,Total wheat,Area,2743.25,2007,2020,4,ha,NSI,49.767983550000054,9.235812858000031
DE26A,Total wheat,Area,8790.25,2007,2020,4,ha,NSI,49.98470381000004,9.660667290000049
DE26B,Total wheat,Area,15782.0,2007,2020,4,ha,NSI,49.94047038300005,10.369939625000029
DE26C,Total wheat,Area,20022.25,2007,2020,4,ha,NSI,49.64122916800005,9.918948999000065
DE271,Total wheat,Area,785.5,2007,2020,4,ha,NSI,48.35737039900005,10.898081232000038
DE274,Total wheat,Area,175.5,2007,2020,4,ha,NSI,47.975739143000055,10.15800725500003
DE275,Total wheat,Area,10538.0,2007,2020,4,ha,NSI,48.424175243000036,11.052657902000021
DE276,Total wheat,Area,9835.75,2007,2020,4,ha,NSI,48.34883631000008,10.730654593000054
DE277,Total wheat,Area,13505.75,2007,2020,4,ha,NSI,48.58174192900003,10.524598611000044
DE278,Total wheat,Area,7815.5,2007,2020,4,ha,NSI,48.36413278400005,10.378640430000075
DE279,Total wheat,Area,5177.5,2007,2020,4,ha,NSI,48.29712013300008,10.129595595000069
DE27A,Total wheat,Area,0.0,2007,2007,1,ha,NSI,47.58664056500004,9.92066718500007
DE27B,Total wheat,Area,1518.75,2007,2020,4,ha,NSI,47.672352844000045,10.63984325000007
DE27C,Total wheat,Area,3965.5,2007,2020,4,ha,NSI,48.04244750400005,10.37258969100003
DE27D,Total wheat,Area,17662.5,2007,2020,4,ha,NSI,48.802492898000025,10.713881295000022
DE27E,Total wheat,Area,13.5,2010,2016,2,ha,NSI,47.56507269100007,10.246307049000052
DE300,Total wheat,Area,104.0,2007,2007,1,ha,NSI,52.50046582500005,13.402229297000076
DE401,Total wheat,Area,215.75,2007,2020,4,ha,NSI,52.400873973000046,12.475857187000031
DE402,Total wheat,Area,260.0,2007,2016,3,ha,NSI,51.771286332000045,14.345700473000022
DE403,Total wheat,Area,191.33333333333334,2007,2016,3,ha,NSI,52.32963789000007,14.502556592000076
DE404,Total wheat,Area,437.5,2007,2020,4,ha,NSI,52.42492764100007,13.032776881000075
DE405,Total wheat,Area,5153.5,2007,2020,4,ha,NSI,52.77093454700008,13.588078
DE406,Total wheat,Area,2435.0,2007,2020,4,ha,NSI,52.01459433200006,13.933491250000031
DE407,Total wheat,Area,6539.5,2007,2020,4,ha,NSI,51.61565360700007,13.43602647800003
DE408,Total wheat,Area,9433.0,2007,2020,4,ha,NSI,52.61279546600008,12.61674464600003
DE409,Total wheat,Area,31462.75,2007,2020,4,ha,NSI,52.66579529200004,14.087945250000075
DE40A,Total wheat,Area,3454.5,2007,2020,4,ha,NSI,52.902708164000046,13.20826512900004
DE40B,Total wheat,Area,1879.25,2007,2020,4,ha,NSI,51.60100122800003,13.948688738000044
DE40C,Total wheat,Area,5222.5,2007,2020,4,ha,NSI,52.23196485300008,14.226823136000064
DE40D,Total wheat,Area,9260.5,2007,2020,4,ha,NSI,53.00112941200007,12.600220728000068
DE40E,Total wheat,Area,5567.75,2007,2020,4,ha,NSI,52.23376252300005,12.698202520000052
DE40F,Total wheat,Area,14881.75,2007,2020,4,ha,NSI,53.102260252000065,11.925121327000056
DE40G,Total wheat,Area,3661.75,2007,2020,4,ha,NSI,51.62129537700008,14.409173749000047
DE40H,Total wheat,Area,7451.0,2007,2020,4,ha,NSI,52.071283950000065,13.234558651000043
DE40I,Total wheat,Area,48418.25,2007,2020,4,ha,NSI,53.25545449100008,13.827284357000053
DE600,Total wheat,Area,1289.0,2007,2007,1,ha,NSI,53.53919231200007,10.010044248000042
DE712,Total wheat,Area,1451.3333333333333,2007,2020,3,ha,NSI,50.118379694000055,8.65753595800004
DE714,Total wheat,Area,1538.0,2007,2020,4,ha,NSI,50.072948574000065,8.257653683000058
DE715,Total wheat,Area,3862.25,2007,2020,4,ha,NSI,49.67322166100007,8.657173250000028
DE716,Total wheat,Area,5873.333333333333,2010,2020,3,ha,NSI,49.85435712900005,8.802281149000066
DE717,Total wheat,Area,3706.5,2007,2020,4,ha,NSI,49.90518703500004,8.46875964800006
DE718,Total wheat,Area,2962.75,2007,2020,4,ha,NSI,50.272391654000046,8.514058893000026
DE719,Total wheat,Area,7338.333333333333,2010,2020,3,ha,NSI,50.24343955200004,9.28799093200007
DE71A,Total wheat,Area,2429.6666666666665,2010,2020,3,ha,NSI,50.111204290000046,8.434073068000032
DE71B,Total wheat,Area,1366.6666666666667,2010,2020,3,ha,NSI,49.66097696800006,8.967394280000065
DE71C,Total wheat,Area,662.3333333333334,2010,2020,3,ha,NSI,50.02171464700007,8.809426214000041
DE71D,Total wheat,Area,3808.0,2010,2020,3,ha,NSI,50.138550663000046,8.084534255000051
DE71E,Total wheat,Area,18115.75,2007,2020,4,ha,NSI,50.35795783900005,8.872720724000033
DE721,Total wheat,Area,8189.5,2007,2020,4,ha,NSI,50.578647602000046,8.805582267000034
DE722,Total wheat,Area,2351.3333333333335,2010,2020,3,ha,NSI,50.63226343300005,8.375736825000047
DE723,Total wheat,Area,8230.666666666666,2010,2020,3,ha,NSI,50.420389209000064,8.205365681000046
DE724,Total wheat,Area,8827.25,2007,2020,4,ha,NSI,50.83562924000006,8.734348130000058
DE725,Total wheat,Area,9110.25,2007,2020,4,ha,NSI,50.64425028100004,9.263684168000054
DE731,Total wheat,Area,161.0,2010,2020,3,ha,NSI,51.31211735100004,9.460002425000027
DE732,Total wheat,Area,6085.75,2007,2020,4,ha,NSI,50.555565036000075,9.764531108000028
DE733,Total wheat,Area,5289.25,2007,2020,4,ha,NSI,50.898577517000035,9.761608781000064
DE734,Total wheat,Area,14658.75,2007,2020,4,ha,NSI,51.411755517000074,9.411128365000025
DE735,Total wheat,Area,22166.666666666668,2010,2020,3,ha,NSI,51.00966688300008,9.363737658000048
DE736,Total wheat,Area,10543.0,2010,2020,3,ha,NSI,51.18047805500004,8.899046378000037
DE737,Total wheat,Area,8003.666666666667,2010,2020,3,ha,NSI,51.18468662600003,9.927945221000073
DE80J,Total wheat,Area,72285.5,2016,2020,2,ha,NSI,53.545088674000056,12.996357659000068
DE80K,Total wheat,Area,59385.5,2007,2020,4,ha,NSI,53.85541563900006,12.185191900000063
DE80L,Total wheat,Area,63278.0,2016,2020,2,ha,NSI,54.21020152600005,12.839955517000021
DE80M,Total wheat,Area,46734.666666666664,2007,2020,3,ha,NSI,53.82202448900006,11.239439267000023
DE80N,Total wheat,Area,49040.520000000004,2007,2020,4,ha,NSI,53.58946934200003,14.055795500000045
DE80O,Total wheat,Area,33653.75,2007,2020,4,ha,NSI,53.355106428000056,11.463399250000066
DE911,Total wheat,Area,2541.3333333333335,2007,2016,3,ha,NSI,52.276074943000026,10.52090401700002
DE912,Total wheat,Area,5384.75,2007,2020,4,ha,NSI,52.129723461000026,10.376442226000052
DE913,Total wheat,Area,2522.6666666666665,2007,2016,3,ha,NSI,52.39103098700008,10.804481166000073
DE914,Total wheat,Area,8541.5,2007,2020,4,ha,NSI,52.57824801100003,10.604521973000033
DE916,Total wheat,Area,12265.5,2007,2020,4,ha,NSI,51.90741804400005,10.383449
DE917,Total wheat,Area,16859.0,2007,2020,4,ha,NSI,52.253213146000064,10.847054936000063
DE918,Total wheat,Area,21840.5,2007,2020,4,ha,NSI,51.74120813700006,9.859155539000028
DE91A,Total wheat,Area,10748.5,2007,2020,4,ha,NSI,52.30311586800008,10.266432013000042
DE91B,Total wheat,Area,26110.0,2007,2020,4,ha,NSI,52.13465389400005,10.64963330300003
DE91C,Total wheat,Area,25450.333333333332,2007,2020,3,ha,NSI,51.49862722200004,9.927105328000039
DE922,Total wheat,Area,15898.5,2007,2020,4,ha,NSI,52.73933775800003,8.69026192900003
DE923,Total wheat,Area,15438.5,2007,2020,4,ha,NSI,52.09309076000005,9.403138777000038
DE925,Total wheat,Area,32965.25,2007,2020,4,ha,NSI,52.08247288600006,9.94368748900007
DE926,Total wheat,Area,7686.0,2007,2020,4,ha,NSI,51.86514403400008,9.55502236700005
DE927,Total wheat,Area,12552.75,2007,2020,4,ha,NSI,52.62563126600003,9.14279057300007
DE928,Total wheat,Area,12413.5,2007,2020,4,ha,NSI,52.29093163500005,9.206789847000039
DE929,Total wheat,Area,30580.5,2007,2020,4,ha,NSI,52.42134031100005,9.741527613000073
DE931,Total wheat,Area,2911.0,2007,2020,4,ha,NSI,52.72402897500007,10.103283267000052
DE932,Total wheat,Area,9071.0,2007,2020,4,ha,NSI,53.61608858000005,8.80254226300002
DE933,Total wheat,Area,5098.5,2007,2020,4,ha,NSI,53.315204908000055,9.963939217000075
DE934,Total wheat,Area,6573.0,2007,2020,4,ha,NSI,53.01411873900008,11.135205165000059
DE935,Total wheat,Area,7597.0,2007,2020,4,ha,NSI,53.27343177100005,10.623629
DE936,Total wheat,Area,956.0,2007,2020,4,ha,NSI,53.244536535000066,8.803494292000039
DE937,Total wheat,Area,2745.75,2007,2020,4,ha,NSI,53.25744726900007,9.294399113000054
DE938,Total wheat,Area,2562.75,2007,2020,4,ha,NSI,52.927957555000035,9.76947638200005
DE939,Total wheat,Area,6899.5,2007,2020,4,ha,NSI,53.59598966200008,9.425321281000038
DE93A,Total wheat,Area,12045.25,2007,2020,4,ha,NSI,52.98389270800004,10.537517199000035
DE93B,Total wheat,Area,6205.25,2007,2020,4,ha,NSI,52.97012493600005,9.18090058000007
DE941,Total wheat,Area,38.5,2007,2020,4,ha,NSI,53.057480835000035,8.661159484000052
DE942,Total wheat,Area,771.25,2007,2020,4,ha,NSI,53.35976137000006,7.212222688000054
DE943,Total wheat,Area,32.75,2007,2020,4,ha,NSI,53.14804703000004,8.243114011000046
DE944,Total wheat,Area,608.0,2007,2016,3,ha,NSI,52.27243698800004,8.037728736000076
DE945,Total wheat,Area,377.0,2007,2016,3,ha,NSI,53.572620423000046,8.081268699000077
DE946,Total wheat,Area,609.5,2007,2020,4,ha,NSI,53.19182828000004,8.007180495000057
DE947,Total wheat,Area,11060.5,2007,2020,4,ha,NSI,53.456879024000045,7.471277695000026
DE948,Total wheat,Area,9152.5,2007,2020,4,ha,NSI,52.89634298500005,7.935364250000021
DE949,Total wheat,Area,11153.0,2007,2020,4,ha,NSI,52.734953450000035,7.380817445000048
DE94A,Total wheat,Area,3483.5,2007,2020,4,ha,NSI,53.504008001000045,7.984080970000036
DE94B,Total wheat,Area,2184.5,2007,2020,4,ha,NSI,52.54799907200004,6.852769375000037
DE94C,Total wheat,Area,2520.0,2007,2020,4,ha,NSI,53.23228419900005,7.501104880000071
DE94D,Total wheat,Area,4962.75,2007,2020,4,ha,NSI,52.99915658300006,8.373033924000026
DE94E,Total wheat,Area,15910.25,2007,2020,4,ha,NSI,52.53260868400008,7.822575500000028
DE94F,Total wheat,Area,8888.0,2007,2020,4,ha,NSI,52.67134784700005,8.23116309300002
DE94G,Total wheat,Area,795.0,2007,2020,4,ha,NSI,53.30512857000008,8.395544015000041
DE94H,Total wheat,Area,3039.75,2007,2020,4,ha,NSI,53.573510260000035,7.728011527000035
DEA11,Total wheat,Area,710.25,2007,2020,4,ha,NSI,51.22470677700005,6.824226986000042
DEA12,Total wheat,Area,441.25,2007,2020,4,ha,NSI,51.41601119900008,6.746756983000068
DEA13,Total wheat,Area,511.0,2007,2020,4,ha,NSI,51.44106256600003,7.020234559000073
DEA14,Total wheat,Area,744.25,2007,2020,4,ha,NSI,51.34789956900005,6.611825152000051
DEA15,Total wheat,Area,1695.5,2007,2020,4,ha,NSI,51.161796888000026,6.412661790000072
DEA16,Total wheat,Area,208.5,2007,2020,4,ha,NSI,51.412128050000035,6.861450655000056
DEA17,Total wheat,Area,58.25,2007,2020,4,ha,NSI,51.51298312900008,6.848408740000025
DEA18,Total wheat,Area,66.0,2007,2020,4,ha,NSI,51.17287889600004,7.229323469000065
DEA19,Total wheat,Area,117.5,2007,2020,4,ha,NSI,51.16092417900006,7.067550076000032
DEA1A,Total wheat,Area,276.75,2007,2020,4,ha,NSI,51.256112177000034,7.176820251000038
DEA1B,Total wheat,Area,9891.25,2007,2020,4,ha,NSI,51.61850183800004,6.234917750000022
DEA1C,Total wheat,Area,2595.75,2007,2020,4,ha,NSI,51.257537409000065,6.973563268000021
DEA1D,Total wheat,Area,8462.25,2007,2020,4,ha,NSI,51.15285840400003,6.647583294000071
DEA1E,Total wheat,Area,4278.0,2007,2020,4,ha,NSI,51.28697039100007,6.326440727000033
DEA1F,Total wheat,Area,5473.0,2007,2020,4,ha,NSI,51.62437316000006,6.63069533700002
DEA22,Total wheat,Area,162.75,2007,2020,4,ha,NSI,50.70177735300007,7.109973929000034
DEA23,Total wheat,Area,2312.5,2007,2020,4,ha,NSI,50.95386550200004,6.981357400000036
DEA24,Total wheat,Area,240.75,2007,2020,4,ha,NSI,51.05490644100007,6.988508090000039
DEA26,Total wheat,Area,16708.25,2007,2020,4,ha,NSI,50.82692574300006,6.445963148000033
DEA27,Total wheat,Area,11845.0,2007,2020,4,ha,NSI,50.90880400800006,6.720915193000053
DEA28,Total wheat,Area,8201.25,2007,2020,4,ha,NSI,50.53815091200005,6.641019026000038
DEA29,Total wheat,Area,10864.75,2007,2020,4,ha,NSI,51.052464547000056,6.171670773000073
DEA2A,Total wheat,Area,248.25,2007,2020,4,ha,NSI,51.02151400400004,7.52238008300003
DEA2B,Total wheat,Area,389.0,2007,2020,4,ha,NSI,51.02201452600008,7.191687767000076
DEA2C,Total wheat,Area,6326.0,2007,2020,4,ha,NSI,50.77263975800008,7.26261
DEA2D,Total wheat,Area,4180.25,2007,2020,4,ha,NSI,50.75805129200006,6.215529907000075
DEA31,Total wheat,Area,199.0,2007,2020,4,ha,NSI,51.56313068600008,6.912037618000056
DEA32,Total wheat,Area,79.5,2007,2020,4,ha,NSI,51.53349198400008,7.084891172000027
DEA33,Total wheat,Area,2643.25,2007,2020,4,ha,NSI,51.951780142000075,7.633170325000037
DEA34,Total wheat,Area,7406.25,2007,2020,4,ha,NSI,51.96624838900004,6.909330819000047
DEA35,Total wheat,Area,19378.5,2007,2020,4,ha,NSI,51.85177412300004,7.413558060000071
DEA36,Total wheat,Area,2696.5,2007,2020,4,ha,NSI,51.670968524000045,7.159529730000031
DEA37,Total wheat,Area,9504.0,2007,2020,4,ha,NSI,52.205781451000064,7.54764043800003
DEA38,Total wheat,Area,19160.75,2007,2020,4,ha,NSI,51.87029523400008,7.951812027000074
DEA41,Total wheat,Area,1214.5,2007,2020,4,ha,NSI,52.01662994800006,8.548759979000067
DEA42,Total wheat,Area,3976.25,2007,2020,4,ha,NSI,51.85732398700003,8.422417500000051
DEA43,Total wheat,Area,5478.5,2007,2020,4,ha,NSI,52.166021957000055,8.625651702000027
DEA44,Total wheat,Area,18746.0,2007,2020,4,ha,NSI,51.66255061600003,9.172609321000039
DEA45,Total wheat,Area,14323.75,2007,2020,4,ha,NSI,51.98379895100004,8.948312953000027
DEA46,Total wheat,Area,11069.5,2007,2020,4,ha,NSI,52.32261109600006,8.711233
DEA47,Total wheat,Area,10938.75,2007,2020,4,ha,NSI,51.66181795600005,8.714403076000053
DEA51,Total wheat,Area,501.0,2007,2020,4,ha,NSI,51.48136923800007,7.216575298000066
DEA52,Total wheat,Area,1399.5,2007,2020,4,ha,NSI,51.506346551000036,7.451988178000022
DEA53,Total wheat,Area,200.5,2007,2020,4,ha,NSI,51.35869388200007,7.522351603000061
DEA54,Total wheat,Area,3013.5,2007,2020,4,ha,NSI,51.673676544000045,7.819867412000065
DEA55,Total wheat,Area,112.0,2007,2020,4,ha,NSI,51.53024206300006,7.178067875000067
DEA56,Total wheat,Area,1134.5,2007,2020,4,ha,NSI,51.34744490000003,7.320543435000047
DEA57,Total wheat,Area,4160.75,2007,2020,4,ha,NSI,51.27103057700003,8.41721025000004
DEA58,Total wheat,Area,2125.0,2007,2020,4,ha,NSI,51.27136986100004,7.721468302000062
DEA59,Total wheat,Area,261.5,2007,2020,4,ha,NSI,51.079768597000054,7.953157020000049
DEA5A,Total wheat,Area,80.5,2007,2020,4,ha,NSI,50.93078001600003,8.193821244000048
DEA5B,Total wheat,Area,20970.0,2007,2020,4,ha,NSI,51.570095672000036,8.185712945000034
DEA5C,Total wheat,Area,6958.75,2007,2020,4,ha,NSI,51.54534560500008,7.730610750000039
DEB11,Total wheat,Area,796.0,2007,2016,3,ha,NSI,50.355211326000074,7.618082291000064
DEB12,Total wheat,Area,2812.3333333333335,2007,2016,3,ha,NSI,50.47991666900003,7.069113547000029
DEB13,Total wheat,Area,962.0,2007,2016,3,ha,NSI,50.79083138800007,7.740231001000041
DEB14,Total wheat,Area,7020.333333333333,2007,2016,3,ha,NSI,49.82541463200005,7.688500530000056
DEB15,Total wheat,Area,1691.0,2007,2016,3,ha,NSI,49.71127078200004,7.271978469000032
DEB17,Total wheat,Area,11309.333333333334,2007,2016,3,ha,NSI,50.33042969400003,7.33305651400002
DEB18,Total wheat,Area,1977.3333333333333,2007,2016,3,ha,NSI,50.54157128500003,7.45661025000004
DEB1A,Total wheat,Area,6555.666666666667,2007,2016,3,ha,NSI,50.26073307900003,7.840849311000056
DEB1B,Total wheat,Area,1952.3333333333333,2007,2016,3,ha,NSI,50.54964702500007,7.865176695000059
DEB1C,Total wheat,Area,3859.0,2007,2016,3,ha,NSI,50.13159168900006,7.164866972000027
DEB1D,Total wheat,Area,7206.0,2007,2016,3,ha,NSI,50.041526453000074,7.501009608000061
DEB21,Total wheat,Area,170.0,2007,2010,2,ha,NSI,49.77035150000006,6.669831131000024
DEB22,Total wheat,Area,3023.3333333333335,2007,2016,3,ha,NSI,49.92720746400005,6.96470527300005
DEB23,Total wheat,Area,6737.333333333333,2007,2016,3,ha,NSI,50.06809681400006,6.445887937000066
DEB24,Total wheat,Area,839.0,2007,2010,2,ha,NSI,50.23403562900006,6.768674477000047
DEB25,Total wheat,Area,3997.0,2007,2016,3,ha,NSI,49.65181476300006,6.712181999000052
DEB31,Total wheat,Area,454.6666666666667,2007,2016,3,ha,NSI,49.55152667200008,8.384618488000058
DEB32,Total wheat,Area,208.33333333333334,2007,2016,3,ha,NSI,49.43772579100005,7.723116793000031
DEB33,Total wheat,Area,213.0,2007,2016,3,ha,NSI,49.19726354000005,8.113799057000051
DEB34,Total wheat,Area,332.3333333333333,2007,2016,3,ha,NSI,49.48357363400004,8.406692426000063
DEB35,Total wheat,Area,1256.0,2007,2016,3,ha,NSI,49.98204325000006,8.248797125000067
DEB36,Total wheat,Area,268.3333333333333,2007,2016,3,ha,NSI,49.35413570800006,8.158485251000059
DEB37,Total wheat,Area,173.33333333333334,2007,2016,3,ha,NSI,49.20181556800003,7.584720058000073
DEB38,Total wheat,Area,141.33333333333334,2007,2016,3,ha,NSI,49.32086453200003,8.444313529000055
DEB39,Total wheat,Area,1356.6666666666667,2007,2016,3,ha,NSI,49.631194410000035,8.324595213000066
DEB3A,Total wheat,Area,600.3333333333334,2007,2016,3,ha,NSI,49.24700097300007,7.360629900000049
DEB3B,Total wheat,Area,9577.666666666666,2007,2016,3,ha,NSI,49.741972788000055,8.16010374700005
DEB3C,Total wheat,Area,2461.0,2007,2016,3,ha,NSI,49.45873115200004,8.114443570000049
DEB3D,Total wheat,Area,10380.333333333334,2007,2016,3,ha,NSI,49.623146649000034,7.915347015000066
DEB3E,Total wheat,Area,3152.6666666666665,2007,2016,3,ha,NSI,49.04753472900006,8.24074
DEB3F,Total wheat,Area,2416.6666666666665,2007,2016,3,ha,NSI,49.414290719000064,7.537950875000035
DEB3G,Total wheat,Area,3860.0,2007,2016,3,ha,NSI,49.549871609000036,7.467655981000064
DEB3H,Total wheat,Area,3181.0,2007,2016,3,ha,NSI,49.10003799100008,7.984600877000048
DEB3I,Total wheat,Area,2549.0,2007,2016,3,ha,NSI,49.40636845300003,8.370493344000067
DEB3J,Total wheat,Area,7012.333333333333,2007,2016,3,ha,NSI,49.94603818200005,8.067342749000034
DEB3K,Total wheat,Area,2859.0,2007,2016,3,ha,NSI,49.184634163000055,7.763076125000055
DED21,Total wheat,Area,872.75,2007,2020,4,ha,NSI,51.06965977300007,13.778160224000032
DED2C,Total wheat,Area,18819.75,2007,2020,4,ha,NSI,51.270641727000054,14.213049433000037
DED2D,Total wheat,Area,17104.5,2007,2020,4,ha,NSI,51.20735139800007,14.84258
DED2E,Total wheat,Area,22020.0,2007,2020,4,ha,NSI,51.243974336000065,13.49643111100005
DED2F,Total wheat,Area,12426.25,2007,2020,4,ha,NSI,50.884459793000076,13.869879500000025
DED41,Total wheat,Area,1295.5,2007,2020,4,ha,NSI,50.81048061300004,12.89900454800005
DED42,Total wheat,Area,3979.25,2007,2020,4,ha,NSI,50.60637058300006,12.942861295000057
DED43,Total wheat,Area,31742.25,2007,2020,4,ha,NSI,50.95697894700004,13.135910789000036
DED44,Total wheat,Area,6997.0,2007,2020,4,ha,NSI,50.480695225000034,12.22572066400005
DED45,Total wheat,Area,11064.0,2007,2020,4,ha,NSI,50.75747868800005,12.528045126000052
DED51,Total wheat,Area,2624.0,2007,2020,4,ha,NSI,51.320686237000075,12.38839418200007
DED52,Total wheat,Area,29523.5,2007,2020,4,ha,NSI,51.20705012700006,12.578702535000048
DED53,Total wheat,Area,29967.0,2007,2020,4,ha,NSI,51.539867005000076,12.701847250000071
DEE01,Total wheat,Area,823.0,2007,2020,4,ha,NSI,51.85377512500003,12.23329774800004
DEE02,Total wheat,Area,982.6666666666666,2010,2020,3,ha,NSI,51.478805874000045,11.971187600000064
DEE03,Total wheat,Area,2447.0,2007,2020,4,ha,NSI,52.109791760000064,11.653992857000048
DEE04,Total wheat,Area,12397.333333333334,2010,2020,3,ha,NSI,52.69165775500005,11.209139695000033
DEE05,Total wheat,Area,21363.0,2010,2020,3,ha,NSI,51.65394712400007,12.222691389000033
DEE06,Total wheat,Area,14035.25,2007,2020,4,ha,NSI,52.24650242100006,12.028725296000061
DEE07,Total wheat,Area,50558.25,2007,2020,4,ha,NSI,52.21878203700004,11.338260631000026
DEE08,Total wheat,Area,35937.25,2007,2020,4,ha,NSI,51.14279529800007,11.887329929000032
DEE09,Total wheat,Area,43444.5,2007,2020,4,ha,NSI,51.83646003100006,10.942644012000073
DEE0A,Total wheat,Area,27803.25,2007,2020,4,ha,NSI,51.53878560700008,11.336344255000029
DEE0B,Total wheat,Area,39832.75,2007,2020,4,ha,NSI,51.45464294000004,11.813903750000065
DEE0C,Total wheat,Area,44883.0,2007,2020,4,ha,NSI,51.84657787300006,11.651436700000033
DEE0D,Total wheat,Area,25767.75,2007,2020,4,ha,NSI,52.69751590200008,11.848695263000025
DEE0E,Total wheat,Area,11296.25,2007,2020,4,ha,NSI,51.82369585300006,12.68867318200006
DEF01,Total wheat,Area,63.0,2007,2007,1,ha,NSI,54.79004533700004,9.449945155000023
DEF02,Total wheat,Area,433.75,2007,2020,4,ha,NSI,54.33989524500004,10.132529753000028
DEF03,Total wheat,Area,1140.3333333333333,2007,2020,3,ha,NSI,53.876167501000054,10.719846639000025
DEF04,Total wheat,Area,119.0,2007,2007,1,ha,NSI,54.07593081500005,9.987646014000063
DEF05,Total wheat,Area,21089.75,2007,2020,4,ha,NSI,54.13111644800006,9.113435260000074
DEF06,Total wheat,Area,17216.5,2007,2020,4,ha,NSI,53.58344254600007,10.601795715000037
DEF07,Total wheat,Area,18906.333333333332,2007,2020,3,ha,NSI,54.62603605900006,8.96857489000007
DEF08,Total wheat,Area,33379.333333333336,2007,2020,3,ha,NSI,54.128667274000065,10.72231848000007
DEF09,Total wheat,Area,2959.75,2007,2020,4,ha,NSI,53.71178056900004,9.733272032000059
DEF0A,Total wheat,Area,19133.25,2007,2020,4,ha,NSI,54.21223537000003,10.339419698000029
DEF0B,Total wheat,Area,19051.0,2007,2020,4,ha,NSI,54.269517129000064,9.766365948000043
DEF0C,Total wheat,Area,16929.666666666668,2007,2020,3,ha,NSI,54.607789507000064,9.455534129000057
DEF0D,Total wheat,Area,10796.75,2007,2020,4,ha,NSI,53.918510326000046,10.127956022000035
DEF0E,Total wheat,Area,6479.666666666667,2007,2020,3,ha,NSI,53.91730547600008,9.500531918000036
DEF0F,Total wheat,Area,11710.75,2007,2020,4,ha,NSI,53.72969589100006,10.340132631000074
DEG01,Total wheat,Area,5652.0,2010,2016,2,ha,NSI,50.97052884000004,11.018971364000038
DEG02,Total wheat,Area,1563.0,2007,2020,2,ha,NSI,50.92312767000004,12.089000502000033
DEG05,Total wheat,Area,626.0,2020,2020,1,ha,NSI,50.97560703100004,11.321098808000045
DEG06,Total wheat,Area,14629.5,2007,2020,4,ha,NSI,51.38284138400007,10.263978278000025
DEG07,Total wheat,Area,12045.333333333334,2007,2016,3,ha,NSI,51.501781857000026,10.728891537000038
DEG09,Total wheat,Area,25993.0,2007,2020,4,ha,NSI,51.17960804300003,10.556472657000029
DEG0A,Total wheat,Area,26079.0,2007,2020,4,ha,NSI,51.32684087800004,10.974080170000036
DEG0B,Total wheat,Area,5107.0,2007,2020,4,ha,NSI,50.63680038900003,10.402171567000039
DEG0C,Total wheat,Area,15683.0,2007,2016,3,ha,NSI,50.91039074500003,10.699196488000041
DEG0D,Total wheat,Area,24633.0,2007,2020,4,ha,NSI,51.142888224000046,11.15307804300005
DEG0E,Total wheat,Area,6445.5,2007,2010,2,ha,NSI,50.43547119500005,10.730526605000023
DEG0F,Total wheat,Area,8836.333333333334,2007,2016,3,ha,NSI,50.73992183100006,10.967082232000052
DEG0G,Total wheat,Area,19869.666666666668,2010,2020,3,ha,NSI,51.04559829600004,11.550268750000043
DEG0H,Total wheat,Area,789.3333333333334,2010,2020,3,ha,NSI,50.43818650500003,11.100794794000024
DEG0I,Total wheat,Area,4104.666666666667,2007,2016,3,ha,NSI,50.63736127900006,11.318711779000068
DEG0J,Total wheat,Area,9439.5,2007,2020,2,ha,NSI,50.89985673400008,11.727245400000072
DEG0K,Total wheat,Area,9707.0,2007,2016,3,ha,NSI,50.57919163100007,11.727494977000049
DEG0L,Total wheat,Area,11755.0,2010,2010,1,ha,NSI,50.70252611900003,12.092731250000043
DEG0M,Total wheat,Area,13101.0,2007,2020,4,ha,NSI,50.95012434500006,12.399475345000042
DEG0N,Total wheat,Area,1665.5,2007,2020,2,ha,NSI,50.98831415400008,10.321135889000061
DEG0P,Total wheat,Area,7645.0,2007,2020,4,ha,NSI,50.890366536000045,10.21757774200006
DK011,Total wheat,Area,283.3333333333333,2006,2020,15,ha,Mixed,55.623957921000056,12.593401339000025
DK012,Total wheat,Area,1275.0,2006,2020,15,ha,Mixed,55.68534453400008,12.418993791000048
DK013,Total wheat,Area,12608.333333333334,2006,2020,15,ha,Mixed,55.912127671000064,12.293027016000053
DK014,Total wheat,Area,13420.0,2006,2020,15,ha,Mixed,55.12215200800006,14.921380913000064
DK021,Total wheat,Area,14583.333333333334,2006,2020,15,ha,Mixed,55.57970441800006,12.079873116000044
DK022,Total wheat,Area,131250.0,2006,2020,15,ha,Mixed,55.40822992000005,11.682269910000059
DK031,Total wheat,Area,75460.0,2006,2020,15,ha,Mixed,55.23793887200003,10.557118665000075
DK032,Total wheat,Area,96580.0,2006,2020,15,ha,Mixed,55.40383893600006,9.05686233800003
DK041,Total wheat,Area,61200.0,2006,2020,15,ha,Mixed,56.27161633400004,8.85763656100005
DK042,Total wheat,Area,106513.33333333333,2006,2020,15,ha,Mixed,56.213608675000046,10.017836645000045
DK050,Total wheat,Area,114240.0,2006,2020,15,ha,Mixed,57.27194091100006,9.952960314000052
EE001,Total wheat,Area,6981.066666666667,2006,2020,15,ha,Mixed,59.28420703100005,25.305263624000077
EE004,Total wheat,Area,16224.8,2006,2020,15,ha,Mixed,58.53931032300005,24.307592360000058
EE006,Total wheat,Area,38623.066666666666,2006,2020,15,ha,Mixed,59.05837710600008,25.626261603000046
EE007,Total wheat,Area,3825.5333333333333,2006,2020,15,ha,Mixed,59.17316154200006,27.335953183000072
EE008,Total wheat,Area,69535.8,2006,2020,15,ha,Mixed,58.24702210500004,26.495148610000058
EL301,Total wheat,Area,0.6666666666666666,2011,2019,9,ha,NSI,38.04506308300006,23.801218151000057
EL302,Total wheat,Area,0.0,2011,2019,9,ha,NSI,38.01918456800007,23.67422165800008
EL303,Total wheat,Area,0.0,2011,2019,9,ha,NSI,37.97913580300008,23.756617939000023
EL304,Total wheat,Area,0.0,2011,2019,9,ha,NSI,37.90163920900005,23.739508751000074
EL305,Total wheat,Area,1300.5492307692307,2009,2021,13,ha,NSI,37.895922272000064,23.94065044900003
EL306,Total wheat,Area,2179.483846153846,2009,2021,13,ha,NSI,38.08584553000003,23.396522617000073
EL307,Total wheat,Area,179.64272727272726,2009,2019,11,ha,NSI,36.24431128600003,22.98236102800007
EL411,Total wheat,Area,2613.90625,2006,2021,16,ha,NSI,39.19739609900006,26.018886295000073
EL412,Total wheat,Area,285.99375,2006,2021,16,ha,NSI,37.731322729000055,26.806026787000064
EL413,Total wheat,Area,139.225,2006,2021,16,ha,NSI,38.40774322900006,26.02647756400006
EL421,Total wheat,Area,2570.11875,2006,2021,16,ha,NSI,36.160075851000045,27.91473981300004
EL422,Total wheat,Area,179.26000000000002,2006,2021,15,ha,NSI,37.04717663800005,25.479950905000067
EL431,Total wheat,Area,922.95625,2006,2021,16,ha,NSI,35.146945164000044,25.133655833000034
EL432,Total wheat,Area,193.85625,2006,2021,16,ha,NSI,35.10758852600003,26.029143700000077
EL433,Total wheat,Area,39.36875,2006,2021,16,ha,NSI,35.26377449700004,24.599262104000047
EL434,Total wheat,Area,3.69375,2006,2021,16,ha,NSI,35.36029680400003,23.947832436000056
EL511,Total wheat,Area,41963.35,2006,2021,16,ha,NSI,41.203616941000064,26.15378167500006
EL512,Total wheat,Area,8716.13125,2006,2021,16,ha,NSI,41.15856264400003,24.89234934500007
EL513,Total wheat,Area,15521.55625,2006,2021,16,ha,NSI,41.11017269800004,25.503795187000037
EL514,Total wheat,Area,13575.74375,2006,2021,16,ha,NSI,41.31281270200003,24.203983949000076
EL515,Total wheat,Area,2980.6125,2006,2021,16,ha,NSI,40.97857864300005,24.340618251000024
EL521,Total wheat,Area,4572.55,2006,2021,16,ha,NSI,40.553970253000045,22.26057957000006
EL522,Total wheat,Area,45695.43125,2006,2021,16,ha,NSI,40.694998912000074,23.12522763000004
EL523,Total wheat,Area,59154.11875,2006,2021,16,ha,NSI,41.05271727600007,22.79778692800005
EL524,Total wheat,Area,10908.15,2006,2021,16,ha,NSI,40.89053170300008,22.131250795000028
EL525,Total wheat,Area,16651.71875,2006,2021,16,ha,NSI,40.269119439000065,22.428165011000033
EL526,Total wheat,Area,44688.05625,2006,2021,16,ha,NSI,41.08556350300006,23.537599215000057
EL527,Total wheat,Area,25853.725,2006,2021,16,ha,NSI,40.41278640000007,23.432379294000043
EL531,Total wheat,Area,60412.5375,2006,2021,16,ha,NSI,40.20231963300006,21.612594356000045
EL532,Total wheat,Area,10402.2,2006,2021,16,ha,NSI,40.46473375800008,21.148532765000027
EL533,Total wheat,Area,7411.5375,2006,2021,16,ha,NSI,40.754089186000044,21.429882361000068
EL541,Total wheat,Area,223.575,2006,2021,16,ha,NSI,39.237277376000065,20.966288490000068
EL542,Total wheat,Area,4.653333333333333,2006,2021,15,ha,NSI,39.52587942900004,20.401360383000053
EL543,Total wheat,Area,327.24375,2006,2021,16,ha,NSI,39.802114764000066,20.811299490000067
EL611,Total wheat,Area,28853.66875,2006,2021,16,ha,NSI,39.500762902000076,21.705656528000077
EL612,Total wheat,Area,83012.7125,2006,2021,16,ha,NSI,39.694297937000044,22.405503848000023
EL613,Total wheat,Area,15544.40625,2006,2021,16,ha,NSI,39.190278195000076,22.652330790000065
EL621,Total wheat,Area,553.2230769230769,2009,2021,13,ha,NSI,37.79232137400004,20.764225386000078
EL622,Total wheat,Area,2.2,2006,2019,14,ha,NSI,39.69835300600005,19.780473047000044
EL623,Total wheat,Area,299.58125,2006,2021,16,ha,NSI,38.24593517000005,20.545883667000055
EL624,Total wheat,Area,4.385714285714285,2006,2019,14,ha,NSI,38.712787578000075,20.649414704000037
EL631,Total wheat,Area,2380.85,2006,2021,16,ha,NSI,38.68492211700004,21.383353833000058
EL632,Total wheat,Area,3792.225,2006,2021,16,ha,NSI,38.053280330000064,21.939960991000078
EL633,Total wheat,Area,1476.0375,2006,2021,16,ha,NSI,37.72873815500003,21.57956430400003
EL641,Total wheat,Area,24115.39375,2006,2021,16,ha,NSI,38.36841915200006,23.090731918000074
EL642,Total wheat,Area,6867.29375,2006,2021,16,ha,NSI,38.532375202000026,23.74100614200006
EL643,Total wheat,Area,11.506666666666666,2006,2020,15,ha,NSI,38.98526818400006,21.69700058500007
EL644,Total wheat,Area,35353.54375,2006,2021,16,ha,NSI,39.01979564800007,22.250293991000035
EL645,Total wheat,Area,798.24375,2006,2021,16,ha,NSI,38.543884071000036,22.237083222000024
EL651,Total wheat,Area,3828.675,2006,2021,16,ha,NSI,37.53975333300008,22.496287667000047
EL652,Total wheat,Area,3290.05,2006,2021,16,ha,NSI,37.91771712600007,22.704442180000058
EL653,Total wheat,Area,408.99375,2006,2021,16,ha,NSI,37.039601065000056,22.312416979000034
ES111,Total wheat,Area,2167.125,2006,2021,16,ha,NSI,43.092951517000074,-8.478135606999956
ES112,Total wheat,Area,3542.8125,2006,2021,16,ha,NSI,43.01669366600004,-7.445208159999936
ES113,Total wheat,Area,8995.4375,2006,2021,16,ha,NSI,42.120148036000046,-7.538522578999959
ES114,Total wheat,Area,432.875,2006,2021,16,ha,NSI,42.433500871000035,-8.45127909799993
ES120,Total wheat,Area,48.23076923076923,2006,2020,13,ha,NSI,43.301705490000074,-5.997242473999961
ES130,Total wheat,Area,575.9230769230769,2006,2020,13,ha,NSI,43.18753086700008,-4.060605221999936
ES211,Total wheat,Area,23594.75,2006,2021,16,ha,NSI,42.85413003300005,-2.68156244599993
ES212,Total wheat,Area,2.0,2019,2021,3,ha,NSI,43.155962671000054,-2.186665069999947
ES213,Total wheat,Area,0.0,2020,2020,1,ha,NSI,43.257644921000065,-2.832762614999979
ES220,Total wheat,Area,73822.2,2006,2020,15,ha,NSI,42.71170005600004,-1.650812641999948
ES230,Total wheat,Area,31220.466666666667,2006,2020,15,ha,NSI,42.31321682500004,-2.433239081999943
ES241,Total wheat,Area,52719.3125,2006,2021,16,ha,NSI,42.21380274000006,-0.085942024999952
ES242,Total wheat,Area,36656.1875,2006,2021,16,ha,NSI,40.65106428100006,-0.834494914999937
ES243,Total wheat,Area,167733.6875,2006,2021,16,ha,NSI,41.60133516800005,-1.055001349999941
ES300,Total wheat,Area,20980.0,2007,2019,12,ha,NSI,40.50075956200004,-3.711936334999962
ES411,Total wheat,Area,31996.125,2006,2021,16,ha,NSI,40.57739213600007,-4.949231270999974
ES412,Total wheat,Area,206464.0625,2006,2021,16,ha,NSI,42.346032785000034,-3.585423712999955
ES413,Total wheat,Area,51907.25,2006,2021,16,ha,NSI,42.61785402600003,-5.835631150999973
ES414,Total wheat,Area,112095.5625,2006,2021,16,ha,NSI,42.357713011000044,-4.541028598999958
ES415,Total wheat,Area,64428.875,2006,2021,16,ha,NSI,40.814966249000065,-6.082740090999948
ES416,Total wheat,Area,64357.5,2006,2021,16,ha,NSI,41.175337841000044,-4.032784683999978
ES417,Total wheat,Area,97409.25,2006,2021,16,ha,NSI,41.61635556200008,-2.621906740999975
ES418,Total wheat,Area,78023.625,2006,2021,16,ha,NSI,41.65998476300007,-5.027406
ES419,Total wheat,Area,63330.125,2006,2021,16,ha,NSI,41.73083213700005,-5.973981025999933
ES421,Total wheat,Area,65574.625,2006,2021,16,ha,NSI,38.82411471900008,-1.982179580999968
ES422,Total wheat,Area,45735.5,2006,2021,16,ha,NSI,38.83733068300006,-3.894622249999941
ES423,Total wheat,Area,32874.375,2006,2021,16,ha,NSI,39.90287271700004,-2.212196469999981
ES424,Total wheat,Area,61595.25,2006,2021,16,ha,NSI,40.82148583800006,-2.648579050999956
ES425,Total wheat,Area,55439.5625,2006,2021,16,ha,NSI,39.901755268000045,-4.137003423999943
ES431,Total wheat,Area,76676.8125,2006,2021,16,ha,NSI,38.538518692000025,-6.028405124999949
ES432,Total wheat,Area,5918.4375,2006,2021,16,ha,NSI,39.724383999000054,-6.163345310999944
ES511,Total wheat,Area,21669.25,2006,2021,16,ha,NSI,41.70748995800005,1.971875148000038
ES512,Total wheat,Area,13843.125,2006,2021,16,ha,NSI,42.06036663900005,2.814179447000072
ES513,Total wheat,Area,48010.25,2006,2021,16,ha,NSI,42.03990056300006,1.049181889000067
ES514,Total wheat,Area,6521.8125,2006,2021,16,ha,NSI,41.09051713100007,0.811858603000076
ES521,Total wheat,Area,1572.5625,2006,2021,16,ha,NSI,38.484999593000055,-0.578257937999979
ES522,Total wheat,Area,746.625,2006,2021,16,ha,NSI,40.242792390000034,-0.125874889999977
ES523,Total wheat,Area,1951.1875,2006,2021,16,ha,NSI,39.355119126000034,-0.778290407999975
ES611,Total wheat,Area,2605.1875,2006,2021,16,ha,NSI,37.210875429000055,-2.312152245999926
ES612,Total wheat,Area,69171.1875,2006,2021,16,ha,NSI,36.545111838000025,-5.774658844999976
ES613,Total wheat,Area,84308.25,2006,2021,16,ha,NSI,37.99173433200008,-4.807134307999945
ES614,Total wheat,Area,13269.125,2006,2021,16,ha,NSI,37.31087439400005,-3.253068299999939
ES615,Total wheat,Area,15762.5625,2006,2021,16,ha,NSI,37.56997933200006,-6.856212962999962
ES616,Total wheat,Area,10876.3125,2006,2021,16,ha,NSI,38.017815616000064,-3.44492132299996
ES617,Total wheat,Area,23368.0625,2006,2021,16,ha,NSI,36.82222931500007,-4.713850245999936
ES618,Total wheat,Area,167989.5,2006,2021,16,ha,NSI,37.427420606000055,-5.699421627999925
ES620,Total wheat,Area,7564.8,2006,2020,15,ha,NSI,37.99989478600003,-1.490742157999932
ES703,Total wheat,Area,,2010,2015,6,ha,NSI,27.72086626400005,-18.021823131999952
ES704,Total wheat,Area,24.576666666666668,2013,2015,3,ha,NSI,28.44338820300004,-13.993829864999952
ES705,Total wheat,Area,31.453333333333333,2013,2015,3,ha,NSI,27.95874277000007,-15.585428930999967
ES706,Total wheat,Area,1.6049999999999998,2010,2015,6,ha,NSI,28.118197845000054,-17.231964983999944
ES707,Total wheat,Area,9.586666666666666,2010,2015,6,ha,NSI,28.694147888000032,-17.85928217399993
ES708,Total wheat,Area,17.97,2013,2015,3,ha,NSI,29.011783716000025,-13.651950323999927
ES709,Total wheat,Area,159.685,2010,2015,6,ha,NSI,28.245655233000036,-16.564575257999934
FI193,Total wheat,Area,1813.3333333333333,2006,2020,15,ha,NSI,62.530410998000036,25.42298050900007
FI194,Total wheat,Area,11966.666666666666,2006,2020,15,ha,NSI,62.72846377400003,23.058557561000043
FI195,Total wheat,Area,7694.1,2006,2020,10,ha,NSI,63.06754606700008,22.171374954000044
FI196,Total wheat,Area,15253.333333333334,2006,2020,15,ha,NSI,61.528593156000056,22.143522589000042
FI197,Total wheat,Area,13393.333333333334,2006,2020,15,ha,NSI,61.68045254500004,23.687426120000055
FI1B1,Total wheat,Area,46260.0,2006,2020,15,ha,NSI,60.38174106400004,24.75117376600008
FI1C1,Total wheat,Area,69193.33333333333,2006,2020,15,ha,NSI,60.62906887500003,22.623628409000048
FI1C2,Total wheat,Area,12198.25,2017,2020,4,ha,Mixed,60.928793520000056,24.32169088200004
FI1C3,Total wheat,Area,8476.75,2017,2020,4,ha,Mixed,61.219940731000065,25.708711452000045
FI1C4,Total wheat,Area,6423.75,2017,2020,4,ha,Mixed,60.81722502200006,26.908843472000058
FI1C5,Total wheat,Area,15507.0,2006,2020,15,ha,NSI,61.191475654000044,28.35172181100006
FI1D1,Total wheat,Area,1313.3333333333333,2006,2020,15,ha,NSI,61.87946832300008,27.800593355000046
FI1D2,Total wheat,Area,1720.0,2006,2020,15,ha,NSI,63.16878698200003,27.45440803200006
FI1D3,Total wheat,Area,1740.0,2006,2020,15,ha,NSI,62.90674958800008,29.95070907400003
FI1D5,Total wheat,Area,1984.5,2017,2020,4,ha,Mixed,63.59707214000008,24.09292761300003
FI1D7,Total wheat,Area,0.0,2006,2020,13,ha,NSI,67.71641058600005,26.321578456000054
FI1D8,Total wheat,Area,38.24142857142857,2006,2019,14,ha,NSI,64.49944484300005,28.719370541000046
FI1D9,Total wheat,Area,2945.214,2006,2020,15,ha,NSI,64.93988188500003,26.622719063000034
FI200,Total wheat,Area,1546.6666666666667,2006,2020,15,ha,NSI,60.265317561000074,20.093127609000078
FR102,Total wheat,Area,136535.61111111112,2006,2023,18,ha,NSI,48.65310661400008,2.952337431000046
FR103,Total wheat,Area,36762.27777777778,2006,2023,18,ha,NSI,48.819442938000066,1.855044015000033
FR104,Total wheat,Area,34592.055555555555,2006,2023,18,ha,NSI,48.51718349400005,2.245372098000075
FR105,Total wheat,Area,0.0,2006,2023,18,ha,NSI,48.79844763600005,2.266244501000074
FR106,Total wheat,Area,359.8888888888889,2006,2023,18,ha,NSI,48.91302937200004,2.475069357000052
FR107,Total wheat,Area,435.55555555555554,2006,2023,18,ha,NSI,48.773815392000074,2.464166564000038
FR108,Total wheat,Area,24356.944444444445,2006,2023,18,ha,NSI,49.087830559000054,2.099663750000047
FRB01,Total wheat,Area,107324.66666666667,2006,2023,18,ha,NSI,47.056473837000055,2.484882199000026
FRB02,Total wheat,Area,195906.61111111112,2006,2023,18,ha,NSI,48.39516072100008,1.36375517700003
FRB03,Total wheat,Area,107522.83333333333,2006,2023,18,ha,NSI,46.76777730200007,1.57127461400006
FRB04,Total wheat,Area,110652.0,2006,2023,18,ha,NSI,47.32544967000007,0.690244500000063
FRB05,Total wheat,Area,102986.61111111111,2006,2023,18,ha,NSI,47.613540570000055,1.417791717000057
FRB06,Total wheat,Area,121593.5,2006,2023,18,ha,NSI,47.91401792900007,2.346842069000047
FRC11,Total wheat,Area,100503.88888888889,2006,2023,18,ha,NSI,47.44423555900005,4.769430104000037
FRC12,Total wheat,Area,47034.166666666664,2006,2023,18,ha,NSI,47.131921512000076,3.497765986000047
FRC13,Total wheat,Area,37900.833333333336,2006,2023,18,ha,NSI,46.651626746000034,4.527654708000057
FRC14,Total wheat,Area,126900.27777777778,2006,2023,18,ha,NSI,47.82626761300003,3.57779879800006
FRC21,Total wheat,Area,8152.166666666667,2006,2023,18,ha,NSI,47.17232160300006,6.36271077400005
FRC22,Total wheat,Area,17321.944444444445,2006,2023,18,ha,NSI,46.74625012300004,5.699242450000042
FRC23,Total wheat,Area,37403.833333333336,2006,2023,18,ha,NSI,47.61891866600007,6.069618003000073
FRC24,Total wheat,Area,2784.9444444444443,2006,2023,18,ha,NSI,47.617719081000075,6.927664507000031
FRD11,Total wheat,Area,82213.11111111111,2006,2023,18,ha,NSI,49.10131533100008,-0.332637956999974
FRD12,Total wheat,Area,39650.88888888889,2006,2023,18,ha,NSI,49.032177302000036,-1.295552775999965
FRD13,Total wheat,Area,81836.61111111111,2006,2023,18,ha,NSI,48.64809408800005,0.034746523000024
FRD21,Total wheat,Area,150897.5,2006,2023,18,ha,NSI,48.995386703000065,1.005576
FRD22,Total wheat,Area,112077.55555555556,2006,2023,18,ha,NSI,49.665605208000045,1.067422630000067
FRE11,Total wheat,Area,115915.66666666667,2006,2023,18,ha,NSI,50.43419860200004,3.245859213000074
FRE12,Total wheat,Area,170426.16666666666,2006,2023,18,ha,NSI,50.50093035900005,2.276212385000065
FRE21,Total wheat,Area,181724.88888888888,2006,2023,18,ha,NSI,49.560973457000046,3.560342337000066
FRE22,Total wheat,Area,157043.72222222222,2006,2023,18,ha,NSI,49.40881263700004,2.423366608000038
FRE23,Total wheat,Area,192601.5,2006,2023,18,ha,NSI,49.95221453600004,2.284552632000043
FRF11,Total wheat,Area,29580.944444444445,2006,2023,18,ha,NSI,48.662885919000075,7.582868125000061
FRF12,Total wheat,Area,16993.88888888889,2006,2023,18,ha,NSI,47.85921294000008,7.277080289000025
FRF21,Total wheat,Area,63050.166666666664,2006,2023,18,ha,NSI,49.62016547400003,4.641374599000073
FRF22,Total wheat,Area,107388.38888888889,2006,2023,18,ha,NSI,48.28483852900007,4.160993334000068
FRF23,Total wheat,Area,164655.55555555556,2006,2023,18,ha,NSI,49.02857569200006,4.236807001000045
FRF24,Total wheat,Area,63091.333333333336,2006,2023,18,ha,NSI,48.12902999800008,5.227916617000062
FRF31,Total wheat,Area,65316.72222222222,2006,2023,18,ha,NSI,48.80335055300003,6.159518889000026
FRF32,Total wheat,Area,77614.77777777778,2006,2023,18,ha,NSI,48.97083707100006,5.385278693000032
FRF33,Total wheat,Area,70732.22222222222,2006,2023,18,ha,NSI,49.04594878000006,6.630240424000021
FRF34,Total wheat,Area,24307.333333333332,2006,2023,18,ha,NSI,48.19540595600006,6.395694354000057
FRG01,Total wheat,Area,51777.22222222222,2006,2023,18,ha,NSI,47.38520641000008,-1.681825033999928
FRG02,Total wheat,Area,85580.66666666667,2006,2023,18,ha,NSI,47.39007175100005,-0.541773258999967
FRG03,Total wheat,Area,78421.77777777778,2006,2023,18,ha,NSI,48.14752125700005,-0.66310459999994
FRG04,Total wheat,Area,86021.55555555556,2006,2023,18,ha,NSI,47.99950065200005,0.233529967000038
FRG05,Total wheat,Area,99937.11111111111,2006,2023,18,ha,NSI,46.67991728000004,-1.27781112699995
FRH01,Total wheat,Area,89610.16666666667,2006,2023,18,ha,NSI,48.421820695000065,-2.892043892999936
FRH02,Total wheat,Area,51366.666666666664,2006,2023,18,ha,NSI,48.26640146400007,-4.006575947999977
FRH03,Total wheat,Area,92852.22222222222,2006,2023,18,ha,NSI,48.14205273700003,-1.646783226999958
FRH04,Total wheat,Area,58988.944444444445,2006,2023,18,ha,NSI,47.85523124700006,-2.800557538999954
FRI11,Total wheat,Area,26372.944444444445,2006,2023,18,ha,NSI,45.11639975200006,0.734810762000052
FRI12,Total wheat,Area,6495.777777777777,2006,2023,18,ha,NSI,44.79467148700007,-0.478379749999931
FRI13,Total wheat,Area,3068.777777777778,2006,2023,18,ha,NSI,43.951998667000055,-0.795178132999979
FRI14,Total wheat,Area,58991.555555555555,2006,2023,18,ha,NSI,44.35683928900005,0.467104291000055
FRI15,Total wheat,Area,4285.444444444444,2006,2023,18,ha,NSI,43.27695716000005,-0.766738816999975
FRI21,Total wheat,Area,2949.8888888888887,2006,2023,18,ha,NSI,45.359814881000034,1.873298215000034
FRI22,Total wheat,Area,11141.666666666666,2006,2023,18,ha,NSI,46.08854874300005,2.054872259000035
FRI23,Total wheat,Area,12208.5,2006,2023,18,ha,NSI,45.883242352000025,1.24344105900002
FRI31,Total wheat,Area,64929.5,2006,2023,18,ha,NSI,45.73612069200004,0.227970110000058
FRI32,Total wheat,Area,111128.66666666667,2006,2023,18,ha,NSI,45.77988486700008,-0.646328273999927
FRI33,Total wheat,Area,107980.0,2006,2023,18,ha,NSI,46.55422957500008,-0.311936303999971
FRI34,Total wheat,Area,136810.77777777778,2006,2023,18,ha,NSI,46.56456917700007,0.46572291800004
FRJ11,Total wheat,Area,37603.72222222222,2006,2023,18,ha,NSI,43.10681310700005,2.436803184000041
FRJ12,Total wheat,Area,16941.944444444445,2006,2023,18,ha,NSI,43.99499610600003,4.173948774000053
FRJ13,Total wheat,Area,13614.833333333334,2006,2023,18,ha,NSI,43.569979216000036,3.362148563000062
FRJ14,Total wheat,Area,1631.7222222222222,2006,2023,18,ha,NSI,44.53600844400006,3.506590256000038
FRJ15,Total wheat,Area,679.5555555555555,2006,2023,18,ha,NSI,42.597992773000044,2.546668374000035
FRJ21,Total wheat,Area,9819.888888888889,2006,2023,18,ha,NSI,42.91038163300004,1.501852765000024
FRJ22,Total wheat,Area,13563.777777777777,2006,2023,18,ha,NSI,44.279251646000034,2.692096368000023
FRJ23,Total wheat,Area,88169.05555555556,2006,2023,18,ha,NSI,43.36610432800006,1.188803864000022
FRJ24,Total wheat,Area,109860.38888888889,2006,2023,18,ha,NSI,43.70038856000008,0.445302383000069
FRJ25,Total wheat,Area,10094.833333333334,2006,2023,18,ha,NSI,44.630961322000076,1.617956267000068
FRJ26,Total wheat,Area,5356.333333333333,2006,2023,18,ha,NSI,43.06656719600005,0.168827836000048
FRJ27,Total wheat,Area,51013.666666666664,2006,2023,18,ha,NSI,43.778626100000054,2.19071996100007
FRJ28,Total wheat,Area,42155.555555555555,2006,2023,18,ha,NSI,44.084845640000026,1.288978216000032
FRK11,Total wheat,Area,47697.88888888889,2006,2023,18,ha,NSI,46.387541343000066,3.195468725000069
FRK12,Total wheat,Area,4660.555555555556,2006,2023,18,ha,NSI,45.15120742300007,2.712127750000036
FRK13,Total wheat,Area,13441.388888888889,2006,2023,18,ha,NSI,45.120858663000035,3.784344025000053
FRK14,Total wheat,Area,43473.555555555555,2006,2023,18,ha,NSI,45.70787222600006,3.132396457000027
FRK21,Total wheat,Area,33309.38888888889,2006,2023,18,ha,NSI,46.134970717000044,5.116558374000022
FRK22,Total wheat,Area,3585.9444444444443,2006,2023,18,ha,NSI,44.75906664400003,4.408108240000047
FRK23,Total wheat,Area,28491.88888888889,2006,2023,18,ha,NSI,44.69030453900007,5.168871766000052
FRK24,Total wheat,Area,28852.61111111111,2006,2023,18,ha,NSI,45.27944469900007,5.554034570000056
FRK25,Total wheat,Area,10211.944444444445,2006,2023,18,ha,NSI,45.721837298000025,4.16617954700007
FRK26,Total wheat,Area,10193.888888888889,2006,2023,18,ha,NSI,45.875050980000026,4.634207853000021
FRK27,Total wheat,Area,1031.9444444444443,2006,2023,18,ha,NSI,45.47897197300006,6.451055866000047
FRK28,Total wheat,Area,4037.222222222222,2006,2023,18,ha,NSI,46.06767086200006,6.456485719000057
FRL01,Total wheat,Area,13701.666666666666,2006,2023,18,ha,NSI,44.09826790200003,6.246728388000065
FRL02,Total wheat,Area,2990.722222222222,2006,2023,18,ha,NSI,44.669713699000056,6.281026600000075
FRL03,Total wheat,Area,13.833333333333334,2006,2023,18,ha,NSI,43.92059374400003,7.175313500000073
FRL04,Total wheat,Area,16478.055555555555,2006,2023,18,ha,NSI,43.54693077200005,5.087851579000073
FRL05,Total wheat,Area,3347.722222222222,2006,2023,18,ha,NSI,43.465483077000044,6.255833797000037
FRL06,Total wheat,Area,11641.222222222223,2006,2023,18,ha,NSI,44.03404048200008,5.152330564000067
FRM01,Total wheat,Area,1.0,2006,2023,18,ha,NSI,41.85926189000003,9.03025885300002
FRM02,Total wheat,Area,95.5,2006,2023,18,ha,NSI,42.355429893000064,9.167091280000022
HR03,Total wheat,Area,2222.866666666667,2008,2022,15,ha,NSI,44.428864917000055,15.542369544000053
HR04,Total wheat,Area,154559.6,2008,2022,15,ha,NSI,45.59143970500003,17.00764441700005
HU110,Total wheat,Area,7838.928571428572,2006,2019,14,ha,NSI,47.48193416600003,19.102347386000076
HU120,Total wheat,Area,54202.35294117647,2006,2022,17,ha,NSI,47.199522228000035,19.039996875000043
HU211,Total wheat,Area,65781.64705882352,2006,2022,17,ha,NSI,47.14065691500008,18.535602555000025
HU212,Total wheat,Area,26720.941176470587,2006,2022,17,ha,NSI,47.60352639100006,18.281156585000076
HU213,Total wheat,Area,31774.352941176472,2006,2022,17,ha,NSI,47.12050880500004,17.62606824200003
HU221,Total wheat,Area,62817.529411764706,2006,2022,17,ha,NSI,47.644779836000055,17.295842695000033
HU222,Total wheat,Area,40894.94117647059,2006,2022,17,ha,NSI,47.149659747000044,16.725577127000065
HU223,Total wheat,Area,26608.9375,2006,2022,16,ha,NSI,46.69306376600008,16.893454293000048
HU231,Total wheat,Area,52456.529411764706,2006,2022,17,ha,NSI,46.048131614000056,18.208367502000044
HU232,Total wheat,Area,53179.05882352941,2006,2022,17,ha,NSI,46.446231399000055,17.614954325000042
HU233,Total wheat,Area,48513.294117647056,2006,2022,17,ha,NSI,46.512710696000056,18.53736900800004
HU311,Total wheat,Area,64554.0,2006,2022,17,ha,NSI,48.20553628700003,20.976581527000064
HU312,Total wheat,Area,47646.17647058824,2006,2022,17,ha,NSI,47.79017772600008,20.176033242000074
HU313,Total wheat,Area,16669.0,2006,2022,17,ha,NSI,47.937365009000075,19.510728250000057
HU321,Total wheat,Area,64294.41176470588,2006,2022,17,ha,NSI,47.466532259000076,21.448700383000073
HU322,Total wheat,Area,105350.64705882352,2006,2022,17,ha,NSI,47.12667183000008,20.329213499000048
HU323,Total wheat,Area,28481.0,2006,2022,17,ha,NSI,47.98963143800006,22.08485037300005
HU331,Total wheat,Area,70217.11764705883,2006,2022,17,ha,NSI,46.551271660000054,19.374299502000042
HU332,Total wheat,Area,101209.05882352941,2006,2022,17,ha,NSI,46.740405001000056,21.00910493300006
HU333,Total wheat,Area,63099.94117647059,2006,2022,17,ha,NSI,46.42120198400005,20.244551241000067
IE04,Total wheat,Area,973.2777777777778,2006,2023,18,ha,Eurostat,53.75123946100007,-8.357983477999937
IE05,Total wheat,Area,24544.61111111111,2006,2023,18,ha,Eurostat,52.36249479500003,-8.366692213999954
IE06,Total wheat,Area,35680.0,2006,2023,18,ha,Eurostat,53.36221776000008,-7.015648866999925
ITC11,Total wheat,Area,19034.176470588234,2006,2022,17,ha,NSI,45.14110123800003,7.447030201000075
ITC12,Total wheat,Area,1582.5625,2007,2022,16,ha,NSI,45.311850348000064,8.205937
ITC13,Total wheat,Area,277.6,2008,2019,10,ha,NSI,45.58565365000004,8.082776744000057
ITC15,Total wheat,Area,1700.0,2007,2022,15,ha,NSI,45.55979962200007,8.568768587000022
ITC16,Total wheat,Area,19099.75,2007,2022,16,ha,NSI,44.47745470000007,7.590171665000071
ITC17,Total wheat,Area,9052.823529411764,2006,2022,17,ha,NSI,44.85842487800005,8.192237287000069
ITC18,Total wheat,Area,35073.705882352944,2006,2022,17,ha,NSI,44.82422199100006,8.643798020000077
ITC20,Total wheat,Area,8.333333333333334,2007,2012,3,ha,NSI,45.72814855900003,7.392457209000042
ITC34,Total wheat,Area,80.0,2010,2010,1,ha,NSI,44.23789213100008,9.704067850000058
ITC41,Total wheat,Area,411.0,2015,2015,1,ha,NSI,45.783969984000066,8.773340035000047
ITC42,Total wheat,Area,493.4,2018,2022,5,ha,NSI,45.93224571800005,9.154949700000031
ITC44,Total wheat,Area,5.0,2015,2022,8,ha,NSI,46.209004105000076,9.935338501000047
ITC46,Total wheat,Area,4136.5625,2007,2022,16,ha,NSI,45.78599670600005,9.778159970000047
ITC47,Total wheat,Area,7015.529411764706,2006,2022,17,ha,NSI,45.687111076000065,10.32893020900002
ITC48,Total wheat,Area,13253.235294117647,2006,2022,17,ha,NSI,45.11559525200005,9.034975966000047
ITC49,Total wheat,Area,3378.8125,2007,2022,16,ha,NSI,45.24424477800005,9.567299972000058
ITC4A,Total wheat,Area,11000.882352941177,2006,2022,17,ha,NSI,45.226170066000066,9.974751910000066
ITC4B,Total wheat,Area,26861.235294117647,2006,2022,17,ha,NSI,45.11465619400008,10.775096283000039
ITC4C,Total wheat,Area,5487.334117647059,2006,2022,17,ha,NSI,45.47568377700003,9.12875187000003
ITC4D,Total wheat,Area,1272.432,2006,2020,10,ha,NSI,45.635969584000065,9.264348734000066
ITF11,Total wheat,Area,3888.235294117647,2006,2022,17,ha,NSI,42.10787723900006,13.618762704000062
ITF12,Total wheat,Area,26636.352941176472,2006,2022,17,ha,NSI,42.64937099900004,13.747313749000057
ITF13,Total wheat,Area,7819.529411764706,2006,2022,17,ha,NSI,42.35654720000008,14.010983232000058
ITF14,Total wheat,Area,16964.764705882353,2006,2022,17,ha,NSI,42.09350987500005,14.397831577000034
ITF21,Total wheat,Area,2635.294117647059,2006,2022,17,ha,NSI,41.64332954400004,14.236666697000032
ITF22,Total wheat,Area,57048.470588235294,2006,2022,17,ha,NSI,41.70866970700007,14.773491031000049
ITF31,Total wheat,Area,4763.882352941177,2006,2022,17,ha,NSI,41.21068903100007,14.153435949000027
ITF32,Total wheat,Area,24014.29411764706,2006,2022,17,ha,NSI,41.25807964100005,14.751801926000041
ITF34,Total wheat,Area,35225.294117647056,2006,2022,17,ha,NSI,40.99584960300007,15.066218355000046
ITF35,Total wheat,Area,7749.529411764706,2006,2022,17,ha,NSI,40.46222031900004,15.209780329000068
ITF43,Total wheat,Area,18835.941176470587,2006,2022,17,ha,NSI,40.58596784500003,17.261701750000043
ITF44,Total wheat,Area,19299.764705882353,2006,2022,17,ha,NSI,40.61846538300006,17.71508621600003
ITF46,Total wheat,Area,226557.1276470588,2006,2022,17,ha,NSI,41.53775348200003,15.54464831200005
ITF47,Total wheat,Area,41696.40266666667,2006,2020,15,ha,NSI,40.927467042000046,16.754471911000053
ITF48,Total wheat,Area,18365.052000000003,2006,2020,15,ha,NSI,41.18231790800007,16.179160081000077
ITF51,Total wheat,Area,69748.41176470589,2006,2022,17,ha,NSI,40.54318073300004,15.871754987000031
ITF52,Total wheat,Area,56816.882352941175,2006,2022,17,ha,NSI,40.46586869400005,16.474104151000063
ITF61,Total wheat,Area,18331.647058823528,2006,2022,17,ha,NSI,39.56047293900008,16.318355130000043
ITF62,Total wheat,Area,9365.666666666666,2006,2020,15,ha,NSI,39.191382977000046,16.92104421600004
ITF63,Total wheat,Area,5450.235294117647,2006,2022,17,ha,NSI,38.89196443700007,16.48735100700003
ITF64,Total wheat,Area,2248.6470588235293,2006,2022,17,ha,NSI,38.61701599700007,16.196824754000033
ITF65,Total wheat,Area,2678.3333333333335,2006,2020,15,ha,NSI,38.27955318900007,16.04251731900007
ITG13,Total wheat,Area,1514.2941176470588,2006,2022,17,ha,NSI,38.01451029300006,15.05325735100007
ITG17,Total wheat,Area,33483.8,2006,2020,15,ha,NSI,37.592870393000055,15.03172950000004
ITG25,Total wheat,Area,3668.8112499999997,2008,2022,8,ha,NSI,40.610225574000026,8.708365838000077
ITG26,Total wheat,Area,387.98125,2008,2022,8,ha,NSI,40.39720778600008,9.474320634000037
ITG27,Total wheat,Area,9727.5,2008,2021,8,ha,NSI,39.41605290700005,9.187342827000066
ITG28,Total wheat,Area,5161.4125,2008,2022,8,ha,NSI,40.000556274000076,8.729790155000046
ITG29,Total wheat,Area,148.66666666666666,2008,2017,3,ha,NSI,40.860130627000046,9.298728710000034
ITG2A,Total wheat,Area,909.0,2008,2008,1,ha,NSI,39.907135362000076,9.514814932000036
ITG2B,Total wheat,Area,9893.5,2008,2017,4,ha,NSI,39.506437885000025,8.698130250000077
ITG2C,Total wheat,Area,4859.0,2008,2008,1,ha,NSI,39.21793062800003,8.58070211300003
ITH20,Total wheat,Area,61.75,2019,2022,4,ha,NSI,46.13132783400005,10.858987956000021
ITH31,Total wheat,Area,16723.941176470587,2006,2022,17,ha,NSI,45.41912573900004,11.048424324000052
ITH32,Total wheat,Area,7446.5,2007,2022,16,ha,NSI,45.655805169000075,11.505554503000042
ITH33,Total wheat,Area,66.2,2013,2022,5,ha,NSI,46.31270001200005,12.172403324000072
ITH34,Total wheat,Area,8135.411764705882,2006,2022,17,ha,NSI,45.79490462200005,12.209062130000063
ITH35,Total wheat,Area,16507.529411764706,2006,2022,17,ha,NSI,45.69571103700008,12.831388329000049
ITH36,Total wheat,Area,19853.352941176472,2006,2022,17,ha,NSI,45.34992761700005,11.797606199000029
ITH37,Total wheat,Area,30828.823529411766,2006,2022,17,ha,NSI,45.04416895300005,11.81792256500006
ITH41,Total wheat,Area,3029.0714285714284,2007,2022,14,ha,NSI,46.09299391900004,12.692971534000037
ITH42,Total wheat,Area,6707.133333333333,2006,2022,15,ha,NSI,46.23941907300008,13.156940075000023
ITH43,Total wheat,Area,1456.9285714285713,2006,2022,14,ha,NSI,45.862490955000055,13.496735477000072
ITH44,Total wheat,Area,3435.0,2016,2016,1,ha,NSI,45.650583175000065,13.818732752000074
ITH51,Total wheat,Area,23999.29411764706,2006,2022,17,ha,NSI,44.86072308000007,9.609627487000068
ITH52,Total wheat,Area,18680.41176470588,2006,2022,17,ha,NSI,44.67551683800008,10.02642971900002
ITH53,Total wheat,Area,10904.35294117647,2006,2022,17,ha,NSI,44.597450338000044,10.525566157000071
ITH54,Total wheat,Area,21853.058823529413,2006,2022,17,ha,NSI,44.53853280800007,10.887500336000073
ITH55,Total wheat,Area,42857.0,2006,2022,17,ha,NSI,44.40952693300005,11.333756023000035
ITH56,Total wheat,Area,50030.05882352941,2006,2022,17,ha,NSI,44.78038249900004,11.827459756000053
ITH57,Total wheat,Area,24633.529411764706,2006,2022,17,ha,NSI,44.40919935100004,11.95462075000006
ITH58,Total wheat,Area,12613.764705882353,2006,2022,17,ha,NSI,44.03727880000008,12.043244451000021
ITH59,Total wheat,Area,6870.666470588236,2006,2022,17,ha,NSI,43.997553020000055,12.589879630000041
ITI12,Total wheat,Area,340.7647058823529,2006,2022,17,ha,NSI,44.00594403300005,10.426521356000023
ITI13,Total wheat,Area,202.66666666666666,2006,2020,15,ha,NSI,43.965152491000026,10.85200433700004
ITI14,Total wheat,Area,6376.0,2006,2022,17,ha,NSI,43.81169636200008,11.293016522000073
ITI15,Total wheat,Area,435.29411764705884,2006,2022,17,ha,NSI,43.96916879500003,11.097308217000034
ITI16,Total wheat,Area,10180.64705882353,2006,2022,17,ha,NSI,43.18613021300007,10.612927375000027
ITI17,Total wheat,Area,19001.941176470587,2006,2022,17,ha,NSI,43.507757748000074,10.656211373000076
ITI18,Total wheat,Area,11473.058823529413,2006,2022,17,ha,NSI,43.54446102500003,11.843477844000063
ITI19,Total wheat,Area,31283.58823529412,2006,2022,17,ha,NSI,43.18798922900004,11.466099001000032
ITI1A,Total wheat,Area,25405.529411764706,2006,2022,17,ha,NSI,42.80291935400004,11.224018071000046
ITI21,Total wheat,Area,56186.3125,2006,2022,16,ha,NSI,43.072899181000025,12.526599861000022
ITI22,Total wheat,Area,11190.176470588236,2006,2022,17,ha,NSI,42.587802132000036,12.395669750000025
ITI31,Total wheat,Area,22501.863529411763,2006,2022,17,ha,NSI,43.666042481000034,12.693235500000071
ITI32,Total wheat,Area,47391.882352941175,2006,2022,17,ha,NSI,43.57806142000004,13.204776750000065
ITI33,Total wheat,Area,40615.705882352944,2006,2022,17,ha,NSI,43.18038258300004,13.26428399300005
ITI34,Total wheat,Area,9220.175294117647,2006,2022,17,ha,NSI,42.884808494000026,13.556184460000054
ITI35,Total wheat,Area,12502.472941176471,2006,2022,17,ha,NSI,43.099825922000036,13.62134117200003
ITI41,Total wheat,Area,27051.764705882353,2006,2022,17,ha,NSI,42.42431042800007,11.986427848000062
ITI42,Total wheat,Area,3954.0,2006,2022,17,ha,NSI,42.39619297100006,12.95913752100006
ITI43,Total wheat,Area,17156.058823529413,2006,2022,17,ha,NSI,41.73527979700003,12.515071750000061
ITI44,Total wheat,Area,4816.764705882353,2006,2022,17,ha,NSI,41.46900426800005,13.048420751000037
ITI45,Total wheat,Area,6863.411764705882,2006,2022,17,ha,NSI,41.62981745600007,13.544264311000063
LT011,Total wheat,Area,38931.333333333336,2006,2020,15,ha,Mixed,54.81663706900008,25.228935990000025
LT021,Total wheat,Area,18761.6,2006,2020,15,ha,Mixed,54.21627716800003,24.118122683000024
LT022,Total wheat,Area,121116.93333333333,2006,2020,15,ha,Mixed,55.075310554000055,23.89532971700004
LT023,Total wheat,Area,28214.8,2006,2020,15,ha,Mixed,55.516923286000065,21.52122349900003
LT024,Total wheat,Area,98623.13333333333,2006,2020,15,ha,Mixed,54.704374907000044,23.17623581600003
LT025,Total wheat,Area,115597.26666666666,2006,2020,15,ha,Mixed,55.92257453800005,24.75875433500005
LT026,Total wheat,Area,153248.93333333332,2006,2020,15,ha,Mixed,55.93017033600006,23.29744599000003
LT027,Total wheat,Area,28906.8,2006,2020,15,ha,Mixed,55.313150621000034,22.473463971000058
LT028,Total wheat,Area,25353.8,2006,2020,15,ha,Mixed,55.99497979500006,22.173629278000078
LT029,Total wheat,Area,23530.285714285714,2006,2020,14,ha,Mixed,55.49756238900005,25.703275261000044
LU,Total wheat,Area,13379.473684210527,2006,2024,19,ha,Eurostat,49.77104423600008,6.094280149000042
LV003,Total wheat,Area,89780.492,2006,2020,15,ha,Mixed,56.92696240100008,22.002598067000065
LV005,Total wheat,Area,54819.085333333336,2006,2020,15,ha,Mixed,56.39312505600003,27.17049540100004
LV007,Total wheat,Area,38489.681333333334,2006,2020,15,ha,Mixed,57.267353738000054,24.771820262000062
LV008,Total wheat,Area,45831.068,2006,2020,15,ha,Mixed,57.28117326900008,26.05056630100006
LV009,Total wheat,Area,140869.11466666666,2006,2020,15,ha,Mixed,56.45995633900003,25.663608494000073
MT,Total wheat,Area,0.0,2006,2024,19,ha,Eurostat,35.88603830200003,14.43119451900003
NL11,Total wheat,Area,31182.8,2006,2020,15,ha,NSI,53.26753188300006,6.692876001000059
NL12,Total wheat,Area,6532.066666666667,2006,2020,15,ha,NSI,53.06491052200005,5.800173921000066
NL13,Total wheat,Area,5067.0,2006,2020,15,ha,NSI,52.863813064000055,6.629195742000036
NL21,Total wheat,Area,1813.8666666666666,2006,2020,15,ha,NSI,52.44520297400004,6.439660238000045
NL22,Total wheat,Area,6758.066666666667,2006,2020,15,ha,NSI,52.06721781600004,5.937824982000052
NL23,Total wheat,Area,13944.733333333334,2006,2020,15,ha,NSI,52.543755074000046,5.481712739000045
NL31,Total wheat,Area,434.8666666666667,2006,2020,15,ha,NSI,52.074861620000036,5.200267749000034
NL32,Total wheat,Area,8865.066666666668,2006,2020,15,ha,NSI,52.59453409200006,4.91228325700007
NL33,Total wheat,Area,14054.933333333332,2006,2020,15,ha,NSI,51.938836294000055,4.48669019600004
NL34,Total wheat,Area,29922.4,2006,2020,15,ha,NSI,51.307267868000054,3.788289805000034
NL41,Total wheat,Area,12215.8,2006,2020,15,ha,NSI,51.54607249500003,5.459502751000059
NL42,Total wheat,Area,6987.0,2006,2020,15,ha,NSI,51.18539883900007,5.929205803000059
PL21,Total wheat,Area,97230.17647058824,2006,2022,17,ha,NSI,49.85341196500008,20.269036518000064
PL22,Total wheat,Area,65468.882352941175,2006,2022,17,ha,NSI,50.33381626600004,19.009794355000054
PL41,Total wheat,Area,214289.4705882353,2006,2022,17,ha,NSI,52.49767402900005,16.672387875000027
PL42,Total wheat,Area,168831.5294117647,2006,2022,17,ha,NSI,53.569355216000076,15.571512154000061
PL43,Total wheat,Area,57475.17647058824,2006,2022,17,ha,NSI,52.17037792700006,15.33391104900005
PL51,Total wheat,Area,262972.70588235295,2006,2022,17,ha,NSI,51.09816919900004,16.411737075000076
PL52,Total wheat,Area,151184.9411764706,2006,2022,17,ha,NSI,50.65480089500005,17.91452872600007
PL61,Total wheat,Area,202624.88235294117,2006,2022,17,ha,NSI,53.080000021000046,18.507668513000056
PL62,Total wheat,Area,148579.0588235294,2006,2022,17,ha,NSI,53.86107181500006,20.830097
PL63,Total wheat,Area,148252.70588235295,2006,2022,17,ha,NSI,54.28861445300004,18.065506301000028
PL71,Total wheat,Area,105226.70588235294,2006,2022,17,ha,NSI,51.60871221200006,19.407898413000055
PL72,Total wheat,Area,78721.64705882352,2006,2022,17,ha,NSI,50.76666327500004,20.786544451000054
PL81,Total wheat,Area,300584.29411764705,2006,2022,17,ha,NSI,51.22947975000005,22.887975382000036
PL82,Total wheat,Area,104248.58823529411,2006,2022,17,ha,NSI,49.96377589000008,22.155411352000044
PL84,Total wheat,Area,48477.529411764706,2006,2022,17,ha,NSI,53.266901723000046,22.944621992000066
PL91,Total wheat,Area,18401.436999999998,2006,2015,10,ha,NSI,52.23281745400004,21.13865266700003
PL92,Total wheat,Area,143726.86176470589,2006,2022,17,ha,NSI,51.528517650000026,21.208796750000033
PT11,Total wheat,Area,4817.941176470588,2006,2022,17,ha,NSI,41.453145171000074,-7.693277694999949
PT15,Total wheat,Area,764.5294117647059,2006,2022,17,ha,NSI,37.202560009000024,-8.129923711999936
PT16,Total wheat,Area,3475.0,2006,2022,17,ha,NSI,40.14250407000003,-7.994613862999927
PT17,Total wheat,Area,685.9411764705883,2006,2022,17,ha,NSI,38.62208515200007,-8.887815933999946
PT18,Total wheat,Area,38943.0,2006,2022,17,ha,NSI,38.47925576100005,-8.001672823999968
PT20,Total wheat,Area,0.0,2006,2022,17,ha,NSI,37.78463074200005,-25.365939888999947
PT30,Total wheat,Area,30.647058823529413,2006,2022,17,ha,NSI,32.73261324200007,-16.950252641999953
RO111,Total wheat,Area,72795.06666666667,2006,2022,15,ha,NSI,46.94605171000006,22.20646360300003
RO112,Total wheat,Area,3675.375,2008,2018,8,ha,NSI,47.23605506300004,24.527114546000064
RO113,Total wheat,Area,10599.454545454546,2012,2022,11,ha,NSI,46.81129479200007,23.54581368500004
RO114,Total wheat,Area,3494.3333333333335,2006,2020,9,ha,NSI,47.66994444000005,23.997758904000023
RO115,Total wheat,Area,38473.666666666664,2007,2022,15,ha,NSI,47.70427779600004,22.873344454000062
RO121,Total wheat,Area,16375.5,2007,2020,6,ha,NSI,46.170306520000054,23.48497261800003
RO122,Total wheat,Area,11773.0,2006,2022,2,ha,NSI,45.75904078800005,25.320004201000074
RO123,Total wheat,Area,22859.125,2006,2022,8,ha,NSI,45.930903158000035,26.02924592900007
RO124,Total wheat,Area,10964.0,2006,2022,12,ha,NSI,46.55144067800006,25.557574228000078
RO125,Total wheat,Area,26557.18181818182,2006,2022,11,ha,NSI,46.606563135000044,24.694929552000076
RO126,Total wheat,Area,6437.214285714285,2008,2022,14,ha,NSI,45.85176704200006,24.259897357000057
RO211,Total wheat,Area,16935.0,2010,2022,9,ha,NSI,46.417329453000036,26.78204711500007
RO212,Total wheat,Area,28330.2,2009,2022,10,ha,NSI,47.844824104000054,26.75426771700006
RO213,Total wheat,Area,36319.142857142855,2006,2022,14,ha,NSI,47.204057153000065,27.285622378000028
RO214,Total wheat,Area,21971.083333333332,2008,2020,12,ha,NSI,46.975906132000034,26.367778704000045
RO215,Total wheat,Area,18570.0,2010,2010,1,ha,NSI,47.61534658800008,25.823836250000056
RO221,Total wheat,Area,72202.08333333333,2008,2021,12,ha,NSI,45.08859220200003,27.679429491000064
RO222,Total wheat,Area,68509.23076923077,2007,2020,13,ha,NSI,45.25097694700003,26.750232405000077
RO223,Total wheat,Area,167075.11764705883,2006,2022,17,ha,NSI,44.26280062500007,28.262086082000053
RO224,Total wheat,Area,56071.933333333334,2006,2022,15,ha,NSI,45.78731943100007,27.777577713000028
RO225,Total wheat,Area,78128.58823529411,2006,2022,17,ha,NSI,44.98776073700003,28.855078500000047
RO226,Total wheat,Area,26186.5,2006,2022,8,ha,NSI,45.78233887700003,26.975343015000078
RO311,Total wheat,Area,45480.42857142857,2006,2020,7,ha,NSI,45.02669957900008,24.877163216000042
RO312,Total wheat,Area,130749.88235294117,2006,2022,17,ha,NSI,44.292389109000055,26.955690485000048
RO313,Total wheat,Area,33381.2,2016,2020,5,ha,NSI,44.862063711000076,25.500602941000068
RO314,Total wheat,Area,85084.71428571429,2008,2016,7,ha,NSI,44.129240657000025,25.882612875000063
RO315,Total wheat,Area,100569.92307692308,2006,2022,13,ha,NSI,44.63271049700006,27.215120270000057
RO316,Total wheat,Area,36853.0,2009,2020,7,ha,NSI,45.11465472800006,26.017546985000024
RO317,Total wheat,Area,164632.4,2006,2022,15,ha,NSI,44.016724098000054,25.191096214000027
RO321,Total wheat,Area,19.0,2010,2010,1,ha,NSI,44.44185691000007,26.089473345000044
RO322,Total wheat,Area,18221.85714285714,2006,2021,7,ha,NSI,44.54614662800003,26.15984478000007
RO411,Total wheat,Area,188767.93333333332,2006,2021,15,ha,NSI,44.138623248000044,23.631585528000073
RO412,Total wheat,Area,11609.0,2021,2021,1,ha,NSI,45.00909608000006,23.329706114000032
RO413,Total wheat,Area,45943.625,2009,2022,8,ha,NSI,44.590247444000056,22.81396191600004
RO414,Total wheat,Area,138034.92307692306,2006,2022,13,ha,NSI,44.24582915700006,24.439211389000036
RO415,Total wheat,Area,9907.538461538461,2008,2022,13,ha,NSI,45.10113957000004,24.10902657300005
RO421,Total wheat,Area,76177.2,2011,2022,10,ha,NSI,46.262233467000044,21.754042394000066
RO422,Total wheat,Area,15626.42857142857,2009,2021,7,ha,NSI,45.145847951000064,22.02798516100006
RO423,Total wheat,Area,8316.857142857143,2016,2022,7,ha,NSI,45.73615615600005,22.93850683200003
RO424,Total wheat,Area,129342.58823529411,2006,2022,17,ha,NSI,45.74691452500008,21.355155038000078
SE110,Total wheat,Area,14719.114,2006,2020,15,ha,Mixed,59.35147587300003,17.743536409000058
SE121,Total wheat,Area,39364.458,2006,2020,15,ha,Mixed,60.04121948200003,17.54593829500004
SE122,Total wheat,Area,28519.301333333333,2006,2020,15,ha,Mixed,59.06906809900005,16.70338323800007
SE123,Total wheat,Area,54342.068,2006,2020,15,ha,Mixed,58.364154072000076,15.65171265600003
SE124,Total wheat,Area,18424.192666666666,2006,2020,15,ha,Mixed,59.36326488000003,14.971570825000072
SE125,Total wheat,Area,21417.152000000002,2006,2020,15,ha,Mixed,59.74543230100005,16.171915186000035
SE211,Total wheat,Area,1826.0790909090908,2006,2020,11,ha,Mixed,57.53649205500005,14.411613929000055
SE212,Total wheat,Area,890.065,2008,2019,8,ha,Mixed,56.77392409200007,14.561384091000036
SE213,Total wheat,Area,12854.151333333333,2006,2020,15,ha,Mixed,57.23582389300003,16.05681244300007
SE214,Total wheat,Area,12208.916,2006,2020,15,ha,Mixed,57.50664936000004,18.51152462300007
SE221,Total wheat,Area,3632.088,2006,2020,15,ha,Mixed,56.28972294600004,15.213135990000069
SE224,Total wheat,Area,102162.05466666668,2006,2020,15,ha,Mixed,55.96178055100006,13.627939835000063
SE231,Total wheat,Area,12917.640666666666,2006,2020,15,ha,Mixed,56.939600591000044,12.87334766600003
SE232,Total wheat,Area,69117.60266666667,2006,2020,15,ha,Mixed,57.988551931000075,12.993299528000023
SE311,Total wheat,Area,5373.38,2006,2020,15,ha,Mixed,59.78606916500007,13.169136815000059
SE312,Total wheat,Area,3587.1,2006,2020,15,ha,Mixed,60.96634255300006,14.352211770000054
SE313,Total wheat,Area,1922.8646153846153,2007,2020,13,ha,Mixed,61.44091656100005,16.32562871500005
SI03,Total wheat,Area,28557.85714285714,2007,2020,14,ha,Eurostat,46.172412706000046,15.275381332000052
SI04,Total wheat,Area,2522.8571428571427,2007,2020,14,ha,Eurostat,46.15317471000003,14.222757
SK010,Total wheat,Area,17485.0775,2007,2022,16,ha,NSI,48.29976134800006,17.16073797100006
SK021,Total wheat,Area,68960.48625,2007,2022,16,ha,NSI,48.31708998100004,17.56918033000005
SK022,Total wheat,Area,24059.536666666667,2007,2022,15,ha,NSI,48.862158753000074,18.232205573000044
SK023,Total wheat,Area,120214.1525,2007,2022,16,ha,NSI,48.12481129300005,18.320785901000022
SK031,Total wheat,Area,10865.717857142856,2007,2022,14,ha,NSI,49.17720794000007,19.168347423000057
SK032,Total wheat,Area,39934.67928571429,2007,2022,14,ha,NSI,48.50229420100004,19.512763027000062
SK041,Total wheat,Area,27674.999333333333,2007,2022,15,ha,NSI,49.18423259300005,21.225384750000046
SK042,Total wheat,Area,58920.125,2007,2022,16,ha,NSI,48.77887078800006,20.796292249000032
