﻿"fpid";"type";"search_equations_wos";"nb_papers_wos";"date_of_search_wos";"search_equations_scopus";"nb_papers_scopus";"date_of_search_scopus";"nb_papers_after_merging"
"Agroforestry systems";"Total";NA;NA;NA;NA;NA;NA;NA
"Agroforestry systems";"This search";"TOPIC: (agroforestry OR ""agro-forestry"") AND TOPIC: (meta-analy*)";"43";"2020-07-24";"Ti_abs_key: (agroforestry OR ""agro-forestry"") AND Ti_abs_key: (meta-analy*)";"45";"2020-07-24";"57"
"Agroforestry systems";"Other searches";NA;NA;NA;NA;NA;NA;NA
"Conservation agriculture systems";"Total";NA;NA;"2021-09-01";NA;NA;"2021-09-01";"359"
"Conservation agriculture systems";"Search 1 (Conservation agriculture only)";"TS=(""conservation"" NEAR ""agriculture"") AND TS=((""meta-analy*""  OR ""systematic* review*""  OR ""evidence map""  OR ""global synthesis""  OR ""evidence synthesis""  OR ""research synthesis""))";"230";"2021-09-01";"TITLE-ABS-KEY(""conservation"" W/ ""agriculture"") AND TITLE-ABS-KEY((""meta-analy*""  OR ""systematic* review*""  OR ""evidence map""  OR ""global synthesis""  OR ""evidence synthesis""  OR ""research synthesis""))";"180";"2021-09-01";"350"
"Conservation agriculture systems";"Search 2 (Conservation agriculture and no-tillage variants)";"TS=((""conservation"" NEAR ""agriculture"") OR (""no"" NEAR ""till*"")) AND TS=((""meta-analy*""  OR ""systematic* review*""  OR ""evidence map""  OR ""global synthesis""  OR ""evidence synthesis""  OR ""research synthesis""))";NA;"2021-09-01";"TITLE-ABS-KEY((""conservation"" W/ ""agriculture"") OR (""no"" W/ ""till*"")) AND TITLE-ABS-KEY((""meta-analy*""  OR ""systematic* review*""  OR ""evidence map""  OR ""global synthesis""  OR ""evidence synthesis""  OR ""research synthesis""))";NA;"2021-09-01";NA
"Conservation agriculture systems";"Search 3 (Conservation agriculture and no/reduced tillage variants)";"TS=((""conservation"" NEAR ""agriculture"") OR (""no"" NEAR ""till*"") OR (""reduce*"" NEAR ""till*"")) AND TS=((""meta-analy*""  OR ""systematic* review*""  OR ""evidence map""  OR ""global synthesis""  OR ""evidence synthesis""  OR ""research synthesis""))";NA;"2021-09-01";"TITLE-ABS-KEY((""conservation"" W/ ""agriculture"") OR (""no"" W/ ""till*"") OR (""reduce*"" W/ ""till*"")) AND TITLE-ABS-KEY((""meta-analy*""  OR ""systematic* review*""  OR ""evidence map""  OR ""global synthesis""  OR ""evidence synthesis""  OR ""research synthesis""))";NA;"2021-09-01";NA
"Conservation agriculture systems";"Search 4 (Conservation agriculture and no/reduced/minimum tillage)";"TS=((""conservation"" NEAR ""agriculture"") OR (""no"" NEAR ""till*"") OR (""reduce*"" NEAR ""till*"") OR (""minimum"" NEAR ""till*"")) AND TS=((""meta-analy*""  OR ""systematic* review*""  OR ""evidence map""  OR ""global synthesis""  OR ""evidence synthesis""  OR ""research synthesis""))";NA;"2021-09-01";"TITLE-ABS-KEY((""conservation"" W/ ""agriculture"") OR (""no"" W/ ""till*"") OR (""reduce*"" W/ ""till*"") OR (""minimum"" W/ ""till*"")) AND TITLE-ABS-KEY((""meta-analy*""  OR ""systematic* review*""  OR ""evidence map""  OR ""global synthesis""  OR ""evidence synthesis""  OR ""research synthesis""))";NA;"2021-09-01";NA
"Conservation agriculture systems";"Search 5 (Conservation agriculture and no/reduced/minimum/zero tillage)";"TS=((""conservation"" NEAR ""agriculture"") OR (""no"" NEAR ""till*"") OR (""reduce*"" NEAR ""till*"") OR (""minimum"" NEAR ""till*"") OR (""zero"" NEAR ""till*"")) AND TS=((""meta-analy*""  OR ""systematic* review*""  OR ""evidence map""  OR ""global synthesis""  OR ""evidence synthesis""  OR ""research synthesis""))";NA;"2021-09-01";"TITLE-ABS-KEY((""conservation"" W/ ""agriculture"") OR (""no"" W/ ""till*"") OR (""reduce*"" W/ ""till*"") OR (""minimum"" W/ ""till*"") OR (""zero"" W/ ""till*"")) AND TITLE-ABS-KEY((""meta-analy*""  OR ""systematic* review*""  OR ""evidence map""  OR ""global synthesis""  OR ""evidence synthesis""  OR ""research synthesis""))";NA;"2021-09-01";NA
"Conservation agriculture systems";"Search 6 (Conservation agriculture and no/reduced/minimum/zero/occasional tillage)";"TS=((""conservation"" NEAR ""agriculture"") OR (""no"" NEAR ""till*"") OR (""reduce*"" NEAR ""till*"") OR (""minimum"" NEAR ""till*"") OR (""zero"" NEAR ""till*"") OR (""occasional"" NEAR ""till*"")) AND TS=((""meta-analy*""  OR ""systematic* review*""  OR ""evidence map""  OR ""global synthesis""  OR ""evidence synthesis""  OR ""research synthesis""))";NA;"2021-09-01";"TITLE-ABS-KEY((""conservation"" W/ ""agriculture"") OR (""no"" W/ ""till*"") OR (""reduce*"" W/ ""till*"") OR (""minimum"" W/ ""till*"") OR (""zero"" W/ ""till*"") OR (""occasional"" W/ ""till*"")) AND TITLE-ABS-KEY((""meta-analy*""  OR ""systematic* review*""  OR ""evidence map""  OR ""global synthesis""  OR ""evidence synthesis""  OR ""research synthesis""))";NA;"2021-09-01";NA
"Conservation agriculture systems";"Other searches";NA;NA;NA;NA;NA;NA;"9"
"Cover and catch crops";"Total";NA;NA;NA;NA;NA;NA;"158"
"Cover and catch crops";"Cover crops";"TS= (""cover* crop*"" OR ""catch* crop*"" OR ""winter cover*"" OR ""soil cover*"") AND TS= (""meta-analy*""  OR ""systematic* review*""  OR ""evidence map""  OR ""global synthesis""  OR ""evidence synthesis""  OR ""research synthesis"")";"130";"2022-01-01";"TITLE-ABS-KEY: (""cover* crop*"" OR ""catch* crop*"" OR ""winter cover*"" OR ""soil cover*"") AND TITLE-ABS-KEY: (""meta-analy*""  OR ""systematic* review*""  OR ""evidence map""  OR ""global synthesis""  OR ""evidence synthesis""  OR ""research synthesis"")";"111";"2022-01-01";"241"
"Crop residue management";NA;NA;NA;NA;NA;NA;NA;"546"
"Crop residue management";"This search";"(""crop residue*"" OR ""residue* from crop*"" OR ""field residue*"" OR ""plant residue*"" OR ""agricult* residue*"" OR ""legume residue*"" OR ""pruning residue*"" OR ""plant litter"" OR ""straw"" OR ""stubble*"" OR ""residue* retention"" OR ""residue* return"" OR ""residue* burning"" OR ""residue* incorporation"" OR ""mulch*"" ) (All Fields) AND ( ""meta-analy*"" OR ""systematic* review*"" OR ""evidence map"" OR ""global synthesis"" OR ""evidence synthesis"" OR ""research synthesis"") (All Fields)";"439";"2022-09-27";"TITLE-ABS-KEY ( ( ""crop residue*""  OR  ""residue* from crop*""  OR  ""field residue*""  OR  ""plant residue*""  OR  ""agricult* residue*""  OR  ""legume residue*""  OR  ""pruning residue*""  OR  ""plant litter""  OR  ""straw""  OR  ""stubble*""  OR  ""residue* retention""  OR  ""residue* return""  OR  ""residue* burning""  OR  ""residue* incorporation""  OR  ""mulch*"" ) ) ) AND  TITLE-ABS-KEY ( ( ""meta-analy*""  OR  ""systematic* review*""  OR  ""evidence map""  OR  ""global synthesis""  OR  ""evidence synthesis""  OR  ""research synthesis"" ) )";"423";"2022-09-27";NA
"Crop rotation";"Total";NA;NA;NA;NA;NA;NA;"249"
"Crop rotation";"This search";"TOPIC: (( crop*  near/3  rotat* )  OR  ( crop*  near/3  sequen* )  OR  ( cultiv*  near/3  rotat* )  OR  ( cultiv*  near/3  sequen* )  OR  ( multi*  near/3  crop* )  OR  ( multi*  near/3  cultiv* )  OR  ( crop*  near/3  divers* )  OR  ( cultiv*  near/3  divers* )) AND TOPIC: ((""meta-analy*"" OR ""systematic* review*""  OR ""evidence map""  OR ""global synthesis""  OR ""evidence synthesis""  OR ""research synthesis""))";"187";"2021-09-01";"TI_ABS_KEY: (( crop* near/3 rotat* ) OR ( crop* near/3 sequen* ) OR ( cultiv* near/3 rotat* ) OR ( cultiv* near/3 sequen* ) OR ( multi* near/3 crop* ) OR ( multi* near/3 cultiv* ) OR ( crop* near/3 divers* ) OR ( cultiv* near/3 divers* )) AND TI_ABS_KEY: ((""meta-analy*"" OR ""systematic* review*"" OR ""evidence map"" OR ""global synthesis"" OR ""evidence synthesis"" OR ""research synthesis""))";"191";"2021-09-01";"249"
"Crop rotation";"Other searches";NA;NA;NA;NA;NA;NA;NA
"Enhanced efficiency fertilisers";"Total";NA;NA;NA;NA;NA;NA;"59"
"Enhanced efficiency fertilisers";"1° search";"TOPIC: (""nitr* inhibit*""  OR ""controlled-release fert*""  OR ""urease inhibit*""  OR ""enhanced-efficiency fert*"") AND TOPIC: (""meta-analy*"" OR ""systematic* review*"" OR ""evidence map"" OR ""global synthesis"" OR ""evidence synthesis"" OR ""research synthesis"") ";"35";"2020-10-06";"TITLE-ABS-KEY: (""nitr* inhibit*""  OR ""controlled-release fert*""  OR ""urease inhibit*""  OR ""enhanced-efficiency fert*"") AND TOPIC: (""meta-analy*"" OR ""systematic* review*"" OR ""evidence map"" OR ""global synthesis"" OR ""evidence synthesis"" OR ""research synthesis"") ";"47";"2020-10-06";"55"
"Enhanced efficiency fertilisers";"2° search";"TOPIC: (""slow-release fert*"" OR ""slow release fert*"" OR ""controlled release fert*"" OR ""controlled-release fert*"" OR ""enhanced-efficiency fert*"" OR ""enhanced efficiency fert*"" OR ""improved-efficiency fert*"" OR ""improved efficiency fert*"" OR ""organic-mineral fert*"") AND TOPIC: (""meta-analy*"" OR ""systematic* review*"" OR ""evidence map"" OR ""global synthesis"" OR ""evidence synthesis"" OR ""research synthesis"")";NA;"2020-10-06";"TITLE-ABS-KEY ((""slow-release fert*"" OR ""slow release fert*"" OR ""controlled release fert*"" OR ""controlled-release fert*"" OR ""enhanced-efficiency fert*"" OR ""enhanced efficiency fert*"" OR ""improved-efficiency fert*"" OR ""improved efficiency fert*"" OR ""organic-mineral fert*"") AND (""meta-analy*"" OR ""systematic* review*"" OR ""evidence map"" OR ""global synthesis"" OR ""evidence synthesis"" OR ""research synthesis""))";NA;"2020-10-06";"14"
"Enhanced efficiency fertilisers";"Other searches";NA;NA;NA;NA;NA;NA;"13"
"Fallowing";"Total";NA;NA;NA;NA;NA;NA;"236"
"Fallowing";"This search";"TS= ((""fallow*"" OR ""uncrop*"" OR ""non-crop*"" OR ""unplant*"" OR ""unplow*"" OR ""uncultiv*"" OR ""non-cultiv*"" OR ""non-pasture*"" OR ""ungraz*"") OR ((""non-productive"" OR ""abandon*"" OR ""bare*"" OR ""unmanage*"" OR ""extensiv*"" OR ""extensificat*"" OR ""desintensificat*"" OR ""rotation"" OR ""set-aside"" OR ""set* aside"") NEAR/3 (land* OR crop* OR soil* OR field*))) AND TS= (""meta-analy*"" OR ""systematic* review*"" OR ""evidence map"" OR ""global synthesis"" OR ""evidence synthesis"" OR ""research synthesis"") AND TS= (agricultur*)";"210";"2021-02-01";"TITLE-ABS-KEY: ((""fallow*"" OR ""uncrop*"" OR ""non-crop*"" OR ""unplant*"" OR ""unplow*"" OR ""uncultiv*"" OR ""non-cultiv*"" OR ""non-pasture*"" OR ""ungraz*"") OR ((""non-productive"" OR ""abandon*"" OR ""bare*"" OR ""unmanage*"" OR ""extensiv*"" OR ""extensificat*"" OR ""desintensificat*"" OR ""rotation"" OR ""set-aside"" OR ""set* aside"") W/3 (land* OR crop* OR soil* OR field*))) AND TITLE-ABS-KEY:((""meta-analy*"" OR ""systematic* review*"" OR ""evidence map"" OR ""global synthesis"" OR ""evidence synthesis"" OR ""research synthesis"") AND (agricultur*))";"149";"2021-02-01";"236"
"Fallowing";"Other searches";NA;NA;NA;NA;NA;NA;NA
"Grassland conservation and restoration";"Total";NA;NA;NA;NA;NA;NA;"1022"
"Grassland conservation and restoration";"This search";"TS=(""grazing*"" OR ""grassland*"" OR ""pasture*"" OR ""rangeland"")) AND TS=((""meta-analy*"" OR ""systematic* review*"" OR ""evidence map"" OR ""global synthesis"" OR ""evidence synthesis"" OR ""research synthesis"")";"689";"2021-09-21";"TITLE-ABS-KEY: (""grazing*"" OR ""grassland*"" OR ""pasture*"" OR ""rangeland"") AND TITLE-ABS-KEY (""meta-analy*"" OR ""systematic* review*"" OR ""evidence map"" OR ""global synthesis"" OR  ""evidence synthesis"" OR ""research synthesis"")";"890";"2021-09-21";"1020"
"Grassland conservation and restoration";"Other searches";NA;NA;NA;NA;NA;NA;"2"
"Grassland management";"Total";NA;NA;NA;NA;NA;NA;"1022"
"Grassland management";"This search";"(TS=(""grazing*"" OR ""grassland*"" OR ""pasture*"" OR ""rangeland"")) AND TS=((""meta-analy*"" OR ""systematic* review*"" OR ""evidence map"" OR ""global synthesis"" OR ""evidence synthesis"" OR ""research synthesis""))";"689";"2021-09-21";"(TITLE-ABS-KEY ( ""grazing*""  OR  ""grassland*""  OR  ""pasture*""  OR ""rangeland"")  AND  TITLE-ABS-KEY ( ( ""meta-analy*""  OR  ""systematic* review*""  OR  ""evidence map""  OR  ""global synthesis""  OR  ""evidence synthesis""  OR  ""research synthesis"")))";"890";"2021-09-21";"1020"
"Grassland management";"Other searches";NA;NA;NA;NA;NA;NA;"2"
"Grazing management";"Total";NA;NA;NA;NA;NA;NA;"1022"
"Grazing management";"This search";"(TS=(""grazing*"" OR ""grassland*"" OR ""pasture*"" OR ""rangeland"")) AND TS=((""meta-analy*"" OR ""systematic* review*"" OR ""evidence map"" OR ""global synthesis"" OR ""evidence synthesis"" OR ""research synthesis""))";"689";"2021-09-21";"(TITLE-ABS-KEY ( ""grazing*""  OR  ""grassland*""  OR  ""pasture*""  OR ""rangeland"")  AND  TITLE-ABS-KEY ( ( ""meta-analy*""  OR  ""systematic* review*""  OR  ""evidence map""  OR  ""global synthesis""  OR  ""evidence synthesis""  OR  ""research synthesis"")))";"890";"2021-09-21";"1020"
"Grazing management";"Other searches";NA;NA;NA;NA;NA;NA;"2"
"Green manure";"Total";NA;NA;NA;NA;NA;NA;"32"
"Green manure";"This search";"TOPIC: (""crop manur*"" OR ""green manur*"" OR (legum* near/3 fert*) OR (""nitrogen fix* crop*"" near/3 fert*) OR (""nitrogen fix* crop*"" near/3 amend*)) AND TOPIC: (""meta-analy*"" OR ""systematic* review*"" OR ""evidence map"" OR ""global synthesis"" OR ""evidence synthesis"" OR ""research synthesis"")";"28";"2020-11-01";"TITLE-ABS-KEY(""crop manur*"" OR ""green manur*"" OR (legum* W/3 fert*) OR (""nitrogen fix* crop*"" W/3 fert*) OR (""nitrogen fix* crop*"" W/3 amend*)) AND (""meta-analy*"" OR ""systematic* review*"" OR ""evidence map"" OR ""global synthesis"" OR ""evidence synthesis"" OR ""research synthesis""))";"29";"2020-11-01";"32"
"Green manure";"Other search";NA;NA;NA;NA;NA;NA;NA
"Intercropping";"Total";NA;NA;NA;NA;NA;NA;"111"
"Intercropping";"This search";"TOPIC: (( intercrop*  OR ""inter crop*""  OR ""mult* variet*""  OR ""mult* crop*""  OR ""Companion crop*""  OR ""Companion plant*""  OR ""polycultur*""  OR ""crop diversity""  OR ""mix* crop*""  OR ""crop* mix*""  OR ""cult* mix*""OR ""variety mix*""  OR ""row crop*""  OR ""strip* crop*""  OR ""row crop*""  OR ""relay crop*"")) AND TOPIC: ((""meta-analy*""  OR ""systematic* review*""  OR ""evidence map""  OR ""global synthesis""  OR ""evidence synthesis""  OR ""research synthesis""))";"78";"2021-05-18";"TITLE-ABS-KEY( intercrop* OR ""inter crop*"" OR ""mult* variet*"" OR ""mult* crop*"" OR ""Companion crop*"" OR ""Companion plant*"" OR ""polycultur*"" OR ""crop diversity"" OR ""mix* crop*"" OR ""crop* mix*"" OR ""cult* mix*""OR ""variety mix*"" OR ""row crop*"" OR ""strip* crop*"" OR ""row crop*"" OR ""relay crop*"") AND TITLE-ABS-KEY(""meta-analy*"" OR ""systematic* review*"" OR ""evidence map"" OR ""global synthesis"" OR ""evidence synthesis"" OR ""research synthesis"")";"96";"2021-05-18";"111"
"Intercropping";"Other searches";NA;NA;NA;NA;NA;NA;NA
"Landscape features";"Total";NA;NA;NA;NA;NA;NA;"455"
"Landscape features";"Terraces and stone walls";"TS= (""terrac*"" OR ""contour bund*"" OR ""level bench*"" OR ""level ditch*"" OR ""fish-scale pit*"" OR ""dry-stone wall*"" OR ""dry stone wall*"" OR ""stone wall*"" OR ""earth wall*"" OR ""dry wall*"" OR ""dry-wall*"" OR ""rubble wall*"") AND TS= (""meta-analy*""  OR ""systematic* review*""  OR ""evidence map""  OR ""global synthesis""  OR ""evidence synthesis""  OR ""research synthesis"") AND TS= (agric* OR cultiv* OR crop* OR farm*)";"13";"2022-05-20";"TITLE-ABS-KEY: (""terrac*"" OR ""contour bund*"" OR ""level bench*"" OR ""level ditch*"" OR ""fish-scale pit*"" OR ""dry-stone wall*"" OR ""dry stone wall*"" OR ""stone wall*"" OR ""earth wall*"" OR ""dry wall*"" OR ""dry-wall*"" OR ""rubble wall*"") AND TITLE-ABS-KEY: (""meta-analy*""  OR ""systematic* review*""  OR ""evidence map""  OR ""global synthesis""  OR ""evidence synthesis""  OR ""research synthesis"") AND TITLE-ABS-KEY: (agric* OR cultiv* OR crop* OR farm*)";"15";"2022-05-20";NA
"Landscape features";"Ditches";"TS= (""creek*"" OR ""ditch*"" OR ""earth bund*"" OR ""open-channel"" OR ""intermittent W/4 stream"" OR ""small W/4 stream"") AND TS= (""meta-analy*""  OR ""systematic* review*""  OR ""evidence map""  OR ""global synthesis""  OR ""evidence synthesis""  OR ""research synthesis"") AND TS= (""agric*"" OR ""cultiv*"" OR ""crop*"" OR ""farm*"")";"25";"2022-05-20";"TITLE-ABS-KEY: (""creek*"" OR ""ditch*"" OR ""earth bund*"" OR ""open-channel"" OR ""intermittent near/4 stream"" OR ""small near/4 stream"") AND TITLE-ABS-KEY: (""meta-analy*""  OR ""systematic* review*""  OR ""evidence map""  OR ""global synthesis""  OR ""evidence synthesis""  OR ""research synthesis"") AND TITLE-ABS-KEY: (""agric*"" OR ""cultiv*"" OR ""crop*"" OR ""farm*"")";"54";"2022-05-20";NA
"Landscape features";"Ponds";"TS= (""pond*"" OR ""soda pan*"" OR ""reedbed*"" OR ""small W/4 lake*"" OR ""small W/4 wetland*"") AND TS= (""meta-analy*""  OR ""systematic* review*""  OR ""evidence map""  OR ""global synthesis""  OR ""evidence synthesis""  OR ""research synthesis"") AND TS= (""agric*"" OR ""cultiv*"" OR ""crop*"" OR ""farm*"")";"64";"2022-05-20";"TITLE-ABS-KEY: (""pond*"" OR ""soda pan*"" OR ""reedbed*"" OR ""small near/4 lake*"" OR ""small near/4 wetland*"") AND TITLE-ABS-KEY: (""meta-analy*""  OR ""systematic* review*""  OR ""evidence map""  OR ""global synthesis""  OR ""evidence synthesis""  OR ""research synthesis"") AND TITLE-ABS-KEY: (""agric*"" OR ""cultiv*"" OR ""crop*"" OR ""farm*"")";"59";"2022-05-20";NA
"Landscape features";"Vegetated linear features";"TS=((""strip*"" OR ""margin*"" OR ""hedge*"" OR ""edge*"" OR ""border*"" OR ""band*"" OR ""line*"" OR ""verge*"" OR ""row*"") near/3  (""element*"" OR ""feature*"" OR ""flower*"" OR ""vegetat*"" OR ""tree*"" OR ""shrub*"" OR ""plant*"" OR ""grass*"" OR ""filter*"" OR ""buffer*"" OR ""wooded"" OR ""riparian"" OR ""field*"" OR ""wildlife"" OR ""seminatural"" OR ""semi-natural"" OR ""semi natural"")) AND TS=(""meta-analy*""  OR ""systematic* review*""  OR ""evidence map""  OR ""global synthesis""  OR ""evidence synthesis""  OR ""research synthesis"") AND TS= (""agric*"" OR ""cultiv*"" OR ""crop*"" OR ""farm*"")";"45";"2022-05-20";"TITLE-ABS-KEY: ((""strip*"" OR ""margin*"" OR ""hedge*"" OR ""edge*"" OR ""border*"" OR ""band*"" OR ""line*"" OR ""verge*"" OR ""row*"") W/3  (""element*"" OR ""feature*"" OR ""flower*"" OR ""vegetat*"" OR ""tree*"" OR ""shrub*"" OR ""plant*"" OR ""grass*"" OR ""filter*"" OR ""buffer*"" OR ""wooded"" OR ""riparian"" OR ""field*"" OR ""wildlife"" OR ""seminatural"" OR ""semi-natural"" OR ""semi natural"")) AND TITLE-ABS-KEY: (""meta-analy*""  OR ""systematic* review*""  OR ""evidence map""  OR ""global synthesis""  OR ""evidence synthesis""  OR ""research synthesis"") AND TITLE-ABS-KEY: (""agric*"" OR ""cultiv*"" OR ""crop*"" OR ""farm*"")";"65";"2022-05-20";NA
"Landscape features";"Vegetated patchy features";"TS=((""patch*"" OR ""islet*"" OR ""island*"" OR ""remnant*"" OR ""group*"" OR ""copse*"" OR ""coppice*"") near/3  (""flower*"" OR ""vegetat*"" OR ""tree*"" OR ""shrub*"" OR ""grass*"" OR ""forest*"" OR ""wooded"" OR ""field*"" OR ""wildlife"" OR ""seminatural"" OR ""semi-natural"" OR ""semi natural"")) AND TS=(""meta-analy*""  OR ""systematic* review*""  OR ""evidence map""  OR ""global synthesis""  OR ""evidence synthesis""  OR ""research synthesis"") AND TS= (""agric*"" OR ""cultiv*"" OR ""crop*"" OR ""farm*"")";"54";"2022-05-20";"TITLE-ABS-KEY: ((""patch*"" OR ""islet*"" OR ""island*"" OR ""remnant*"" OR ""group*"" OR ""copse*"" OR ""coppice*"") W/3  (""flower*"" OR ""vegetat*"" OR ""tree*"" OR ""shrub*"" OR ""grass*"" OR ""forest*"" OR ""wooded"" OR ""field*"" OR ""wildlife"" OR ""seminatural"" OR ""semi-natural"" OR ""semi natural"")) AND TITLE-ABS-KEY: (""meta-analy*""  OR ""systematic* review*""  OR ""evidence map""  OR ""global synthesis""  OR ""evidence synthesis""  OR ""research synthesis"") AND TITLE-ABS-KEY: (""agric*"" OR ""cultiv*"" OR ""crop*"" OR ""farm*"")";"46";"2022-05-20";NA
"Landscape features";"Landscape features in general";"TS= (""landscape feature*""  OR ""landscape characteristic*""  OR ""green infrastructure*""  OR ""landscape connectivity""  OR ""landscape diversity""  OR ""landscape element*""  OR ""landscape fragment*""  OR ""landscape mosaic*""  OR ""landscape structure*""  OR ""landscape complexity"" OR ""landscape heterogeneity"" OR ""landscape composition"" OR ""landscape configuration"" OR ""nature-based feature*""  OR ""linear feature*"") AND TS= (""meta-analy*""  OR ""systematic* review*""  OR ""evidence map""  OR ""global synthesis""  OR ""evidence synthesis""  OR ""research synthesis"") AND TS= (""agric*""  OR ""cultiv*""  OR ""crop*""  OR ""farm*"")";"43";"2022-05-20";"TITLE-ABS-KEY: (""landscape feature*""  OR ""landscape characteristic*""  OR ""green infrastructure*""  OR ""landscape connectivity""  OR ""landscape diversity""  OR ""landscape element*""  OR ""landscape fragment*""  OR ""landscape mosaic*""  OR ""landscape structure*""  OR ""landscape complexity"" OR ""landscape heterogeneity"" OR ""landscape composition"" OR ""landscape configuration"" OR ""nature-based feature*""  OR ""linear feature*"") AND TITLE-ABS-KEY: (""meta-analy*""  OR ""systematic* review*""  OR ""evidence map""  OR ""global synthesis""  OR ""evidence synthesis""  OR ""research synthesis"") AND TITLE-ABS-KEY: (""agric*""  OR ""cultiv*""  OR ""crop*""  OR ""farm*"")";"76";"2022-05-20";NA
"Landscape features";"Stone features";"TS= (""cairn*"" OR ""rock*"" OR ""boulder*"" OR ""secular stone*"") AND TS= (""meta-analy*"" OR ""systematic* review*"" OR ""evidence map*"" OR ""global synthes*"" OR ""evidence synthes*"" OR ""research synthes*"") AND TS= (""agric*"" OR ""cultiv*"" OR ""crop*"" OR ""farm*"")";"34";"2022-05-20";"TITLE-ABS-KEY: (""cairn*"" OR ""rock*"" OR ""boulder*"" OR ""secular stone*"") AND TS= (""meta-analy*"" OR ""systematic* review*"" OR ""evidence map*"" OR ""global synthes*"" OR ""evidence synthes*"" OR ""research synthes*"") AND TITLE-ABS-KEY: (""agric*"" OR ""cultiv*"" OR ""crop*"" OR ""farm*"")";"67";"2022-05-20";NA
"Landscape features";"Other sources";NA;NA;NA;NA;NA;NA;"11"
"Leguminous crops";"Total";NA;NA;NA;NA;NA;NA;"840"
"Leguminous crops";"This search";"TOPIC: (N-fix* OR legum* OR puls* OR ""*bean*"" OR ""nitrogen fix*"" OR ""N fix*"" OR ""di-nitrogen fix*"" OR ""N2 fix*"" OR ""N2-fix*"" OR ""green manur*"") AND TOPIC: (crop* OR cultiv* OR farm* OR agricult*) AND TOPIC: ((""meta-analy*""  OR ""systematic* review*""  OR ""evidence map""  OR ""global synthesis""  OR ""evidence synthesis""  OR ""research synthesis""))";"327";"2022-03-29";"TITLE-ABS-KEY:  (N-fix* OR legum* OR puls* OR ""*bean*"" OR ""nitrogen fix*"" OR ""N fix*"" OR ""di-nitrogen fix*"" OR ""N2 fix*"" OR ""N2-fix*"" OR ""green manur*"") AND TITLE-ABS-KEY:  (crop* OR cultiv* OR farm* OR agricult*) AND TITLE-ABS-KEY:  ((""meta-analy*""  OR ""systematic* review*""  OR ""evidence map""  OR ""global synthesis""  OR ""evidence synthesis""  OR ""research synthesis""))";"415";"2022-03-29";NA
"Leguminous crops";"Other searches";NA;NA;NA;NA;NA;NA;"1335"
"Leguminous crops";"Crop rotation";"TOPIC: (( crop*  near/3  rotat* )  OR  ( crop*  near/3  sequen* )  OR  ( cultiv*  near/3  rotat* )  OR  ( cultiv*  near/3  sequen* )  OR  ( multi*  near/3  crop* )  OR  ( multi*  near/3  cultiv* )  OR  ( crop*  near/3  divers* )  OR  ( cultiv*  near/3  divers* )) AND TOPIC: ((""meta-analy*"" OR ""systematic* review*""  OR ""evidence map""  OR ""global synthesis""  OR ""evidence synthesis""  OR ""research synthesis""))";"187";"2021-09-01";"( TITLE-ABS-KEY ( ( crop*  W/3  rotat* )  OR  ( crop*  W/3  sequen* )  OR  ( cultiv*  W/3  rotat* )  OR  ( cultiv*  W/3  sequen* )  OR  ( multi*  W/3  crop* )  OR  ( multi*  W/3  cultiv* )  OR  ( crop*  W/3  divers* )  OR  ( cultiv*  AND near/3  AND divers* ) )  AND  TITLE-ABS-KEY ( ""meta-analy*""  OR  ""meta-analy*""  OR  ""systematic* review*""  OR  ""evidence map""  OR  ""global synthesis""  OR  ""evidence synthesis""  OR  ""research synthesis"" ) )";"191";"2021-09-01";"249"
"Leguminous crops";"Green manure";"TOPIC: (""crop manur*"" OR ""green manur*"" OR (legum* near/3 fert*) OR (""nitrogen fix* crop*"" near/3 fert*) OR (""nitrogen fix* crop*"" near/3 amend*)) AND TOPIC: (""meta-analy*"" OR ""systematic* review*"" OR ""evidence map"" OR ""global synthesis"" OR ""evidence synthesis"" OR ""research synthesis"")";"24";"2020-10-02";"TITLE-ABS-KEY(""crop manur*"" OR ""green manur*"" OR (legum* W/3 fert*) OR (""nitrogen fix* crop*"" W/3 fert*) OR (""nitrogen fix* crop*"" W/3 amend*)) AND (""meta-analy*"" OR ""systematic* review*"" OR ""evidence map"" OR ""global synthesis"" OR ""evidence synthesis"" OR ""research synthesis""))";"23";"2020-10-02";NA
"Leguminous crops";"Cover and catch crops";"TOPIC: (""cover* crop*"" OR ""catch* crop*"" OR ""winter cover*"" OR ""soil cover*"") AND TOPIC (""meta-analy*"" OR ""systematic* review*""  OR ""evidence map""  OR ""global synthesis""  OR ""evidence synthesis""  OR ""research synthesis"" OR ""systematic quantitative synthesis"")";"130";"2022-10-18";"TITLE-ABS-KEY: (""cover* crop*"" OR ""catch* crop*"" OR ""winter cover*"" OR ""soil cover*"") AND TITLE-ABS-KEY: (""meta-analy*"" OR ""systematic* review*""  OR ""evidence map""  OR ""global synthesis""  OR ""evidence synthesis""  OR ""research synthesis"" OR ""systematic quantitative synthesis"")";"111";"2022-10-18";NA
"Leguminous crops";"Agroforestry";"TOPIC: (agroforestry OR ""agro-forestry"") AND TOPIC: (meta-analy*)";"49";NA;"TITLE-ABS-KEY: (agroforestry OR ""agro-forestry"") AND TITLE-ABS-KEY: (meta-analy*)";"46";NA;NA
"Leguminous crops";"Intercropping";"TOPIC: (( intercrop*  OR ""inter crop*""  OR ""mult* variet*""  OR ""mult* crop*""  OR ""Companion crop*""  OR ""Companion plant*""  OR ""polycultur*""  OR ""crop diversity""  OR ""mix* crop*""  OR ""crop* mix*""  OR ""cult* mix*""OR ""variety mix*""  OR ""row crop*""  OR ""strip* crop*""  OR ""row crop*""  OR ""relay crop*"")) AND TOPIC: ((""meta-analy*""  OR ""systematic* review*""  OR ""evidence map""  OR ""global synthesis""  OR ""evidence synthesis""  OR ""research synthesis""))";"111";"2021-05-21";"TITLE-ABS-KEY( intercrop* OR ""inter crop*"" OR ""mult* variet*"" OR ""mult* crop*"" OR ""Companion crop*"" OR ""Companion plant*"" OR ""polycultur*"" OR ""crop diversity"" OR ""mix* crop*"" OR ""crop* mix*"" OR ""cult* mix*""OR ""variety mix*"" OR ""row crop*"" OR ""strip* crop*"" OR ""row crop*"" OR ""relay crop*"") AND TITLE-ABS-KEY(""meta-analy*"" OR ""systematic* review*"" OR ""evidence map"" OR ""global synthesis"" OR ""evidence synthesis"" OR ""research synthesis"")";NA;"2021-05-21";"111"
"Leguminous crops";"Grassland/grazing/forage production management";"(TS=(""grazing*"" OR ""grassland*"" OR ""pasture*"" OR ""rangeland"")) AND TS=((""meta-analy*"" OR ""systematic* review*"" OR ""evidence map"" OR ""global synthesis"" OR ""evidence synthesis"" OR ""research synthesis""))";"855";"2021-09-01";"(TITLE-ABS-KEY ( ""grazing*""  OR  ""grassland*""  OR  ""pasture*""  OR ""rangeland"")  AND  TITLE-ABS-KEY ( ( ""meta-analy*""  OR  ""systematic* review*""  OR  ""evidence map""  OR  ""global synthesis""  OR  ""evidence synthesis""  OR  ""research synthesis"")))";"821";"2021-09-01";"975"
"Livestock feeding techniques";"Total";NA;NA;NA;NA;NA;NA;"987"
"Livestock feeding techniques";"1° search";"TS=((""feed*"" OR ""diet*"")) AND TS=((animal* OR pig* OR swine* OR cattle* OR cow* OR dairy OR beef* OR broiler* OR chicken* OR poultr* OR rumin* OR goat* OR sheep*)) AND TS=((emission* OR environment*)) AND TS=((""meta-analy*"" OR ""systematic* review*"" OR ""evidence map"" OR ""global synthesis"" OR ""evidence synthesis"" OR ""research synthesis""))";"340";"2021-05-28";"TITLE-ABS-KEY: ((""feed*"" OR ""diet*"")) AND TITLE-ABS-KEY: ((animal* OR pig* OR swine* OR cattle* OR cow* OR dairy OR beef* OR broiler* OR chicken* OR poultr* OR rumin* OR goat* OR sheep*)) AND TITLE-ABS-KEY: ((emission* OR environment*)) AND TITLE-ABS-KEY: ((""meta-analy*"" OR ""systematic* review*"" OR ""evidence map"" OR ""global synthesis"" OR ""evidence synthesis"" OR ""research synthesis""))";"560";"2021-05-28";"948"
"Livestock feeding techniques";"2° search";"TS=(""feed"" OR ""fed"" OR ""feeding"" OR ""diet*"" OR ""dietary"" OR ""fiber*"" OR ""additive*"" OR ""ration"" OR ""feedstuff"" OR ""feed additive*"" OR ""feed intake"" OR ""neutral detergent fiber intake"" OR ""dry matter intake"" OR ""digestibility"" OR ""tannin*"" OR ""essential oil*"" OR ""saponin*"" OR ""precision feeding"" OR ""feeding restriction"" OR ""no silage"") AND TS= (""farming"" OR ""livestock"" OR ""rearing"" OR ""husbandry"" OR ""breeding"") AND TS= (""animal*"" OR ""ruminant*"" OR ""small ruminant*"" OR ""cattle"" OR ""dairy cattle"" OR ""beef cattle"" OR ""sheep"" OR ""ewe*"" OR ""lamb*"" OR ""swine"" OR ""pig*"" OR ""porcine*"" OR ""goat*"" OR ""rabbit*"" OR ""poultry"" OR ""chicken*"" OR ""broiler*"" OR ""turkey*"" OR ""hen*"" OR ""horse*"" OR ""mule*"") AND TS= (""meta-analy*"" OR ""systematic* review*"" OR ""evidence map"" OR ""global synthesis"" OR ""evidence synthesis"" OR"" research synthesis"") NOT TS= (""human"" OR ""medicine"" OR ""children"" OR ""women"" OR ""men"")";"256";"2021-05-28";"TITLE-ABS-KEY: (""feed"" OR ""fed"" OR ""feeding"" OR ""diet*"" OR ""dietary"" OR ""fiber*"" OR ""additive*"" OR ""ration"" OR ""feedstuff"" OR ""feed additive*"" OR ""feed intake"" OR ""neutral detergent fiber intake"" OR ""dry matter intake"" OR ""digestibility"" OR ""tannin*"" OR ""essential oil*"" OR ""saponin*"" OR ""precision feeding"" OR ""feeding restriction"" OR ""no silage"") AND TITLE-ABS-KEY: (""farming"" OR ""livestock"" OR ""rearing"" OR ""husbandry"" OR ""breeding"") AND TITLE-ABS-KEY: (""animal*"" OR ""ruminant*"" OR ""small ruminant*"" OR ""cattle"" OR ""dairy cattle"" OR ""beef cattle"" OR ""sheep"" OR ""ewe*"" OR ""lamb*"" OR ""swine"" OR ""pig*"" OR ""porcine*"" OR ""goat*"" OR ""rabbit*"" OR ""poultry"" OR ""chicken*"" OR ""broiler*"" OR ""turkey*"" OR ""hen*"" OR ""horse*"" OR ""mule*"") AND TITLE-ABS-KEY: (""meta-analy*"" OR ""systematic* review*"" OR ""evidence map"" OR ""global synthesis"" OR ""evidence synthesis"" OR"" research synthesis"") NOT TITLE-ABS-KEY: (""human"" OR ""medicine"" OR ""children"" OR ""women"" OR ""men"")";"245";"2021-05-28";"342"
"Livestock feeding techniques";"Other search";NA;NA;NA;NA;NA;NA;"39"
"Livestock housing techniques";"Total";NA;NA;NA;NA;NA;NA;"604"
"Livestock housing techniques";"This search";"TS = ((stable  OR bed*  OR barn*  OR ""litter""  OR ""confinement""  OR ""outdoor system*""  OR ""space allowance""  OR ""space requirement""  OR  ""floor type*""  OR ""flor characteristic*""  OR ""feedlot""  OR ""housing system*""  OR ""housing environment*""  OR ""livestock housing""  OR ""ventilation rate""  OR ""ventilation""  OR ""tied housing""  OR ""loose housing""  OR ""solid floor*""  OR ""perforated floor*""  OR ""litter treatment"")) AND TS = ((""animal*""  OR ""ruminant*""  OR ""small ruminant*""  OR ""cattle""  OR ""dairy cattle""  OR ""beef cattle""  OR ""sheep""  OR ""ewe*""  OR ""lamb*""  OR ""swine""  OR ""pig*""  OR ""porcine*""  OR ""goat*""  OR ""rabbit*""  OR ""poultry""  OR ""chicken*""  OR ""broiler*""  OR ""turkey*""  OR ""hen*""  OR ""horse*""  OR ""mule*"")) AND TS = ((""meta-analy*"" OR ""systematic* review*"" OR ""evidence map"" OR ""global synthesis"" OR ""evidence synthesis"" OR ""research synthesis"")) NOT TS =  ((""human""  OR ""medicine""  OR ""children""  OR ""women""  OR ""men"")) ";"452";"2021-06-07";"TITLE-ABS-KEY: = ((stable  OR bed*  OR barn*  OR ""litter""  OR ""confinement""  OR ""outdoor system*""  OR ""space allowance""  OR ""space requirement""  OR  ""floor type*""  OR ""flor characteristic*""  OR ""feedlot""  OR ""housing system*""  OR ""housing environment*""  OR ""livestock housing""  OR ""ventilation rate""  OR ""ventilation""  OR ""tied housing""  OR ""loose housing""  OR ""solid floor*""  OR ""perforated floor*""  OR ""litter treatment"")) AND TITLE-ABS-KEY: = ((""animal*""  OR ""ruminant*""  OR ""small ruminant*""  OR ""cattle""  OR ""dairy cattle""  OR ""beef cattle""  OR ""sheep""  OR ""ewe*""  OR ""lamb*""  OR ""swine""  OR ""pig*""  OR ""porcine*""  OR ""goat*""  OR ""rabbit*""  OR ""poultry""  OR ""chicken*""  OR ""broiler*""  OR ""turkey*""  OR ""hen*""  OR ""horse*""  OR ""mule*"")) AND TITLE-ABS-KEY: = ((""meta-analy*"" OR ""systematic* review*"" OR ""evidence map"" OR ""global synthesis"" OR ""evidence synthesis"" OR ""research synthesis"")) NOT TITLE-ABS-KEY: =  ((""human""  OR ""medicine""  OR ""children""  OR ""women""  OR ""men"")) ";"191";"2021-06-07";"598"
"Livestock housing techniques";"Other searches";NA;NA;NA;NA;NA;NA;"6"
"Low ammonia emission techniques for mineral fertilisation";"Total";NA;NA;NA;NA;NA;NA;"62"
"Low ammonia emission techniques for mineral fertilisation";"This search";"TOPIC: (""ammonia emission*"" OR ""nitrogen emission*"" OR ""ammonia loss*"" OR ""nitrogen loss*"") AND TOPIC: (""meta-analy*"" OR ""systematic* review*"" OR ""evidence map"" OR ""global synthesis"" OR ""evidence synthesis"" OR ""research synthesis"")";"45";"2020-10-06";"TITLE-ABS-KEY: (""ammonia emission*"" OR ""nitrogen emission*"" OR ""ammonia loss*"" OR ""nitrogen loss*"") AND TITLE-ABS-KEY: (""meta-analy*"" OR ""systematic* review*"" OR ""evidence map"" OR ""global synthesis"" OR ""evidence synthesis"" OR ""research synthesis"")";"38";"2020-10-06";"59"
"Low ammonia emission techniques for mineral fertilisation";"Other searches";NA;NA;NA;NA;NA;NA;"3"
"Manure land application techniques";"Total";NA;NA;NA;NA;NA;NA;"277"
"Manure land application techniques";"This search";"TOPIC: (manure  OR slurry  OR digestate  OR (digested near/3 manure)) AND TOPIC: (management  OR storage  OR lagoon*  OR ""anaerobic digest*""  OR tank*  OR treatment  OR process*  OR technolog*  OR techni*  OR (soil near/3 application)  OR (soil near/3 distribution)  OR (soil near/3 amend*)  OR biogas  OR precision) AND TOPIC: (""meta-analy*""  OR ""systematic* review*""  OR ""evidence map""  OR ""global synthesis""  OR ""evidence synthesis""  OR ""research synthesis"")";"196";"2021-07-01";"TITLE_ABS_KEY: (manure  OR slurry  OR digestate  OR (digested near/3 manure)) AND TITLE_ABS_KEY: (management  OR storage  OR lagoon*  OR ""anaerobic digest*""  OR tank*  OR treatment  OR process*  OR technolog*  OR techni*  OR (soil near/3 application)  OR (soil near/3 distribution)  OR (soil near/3 amend*)  OR biogas  OR precision) AND TITLE_ABS_KEY: (""meta-analy*""  OR ""systematic* review*""  OR ""evidence map""  OR ""global synthesis""  OR ""evidence synthesis""  OR ""research synthesis"")";"178";"2021-07-01";NA
"Manure land application techniques";"Other searches";NA;NA;NA;NA;NA;NA;NA
"Manure processing techniques";"Total";NA;NA;NA;NA;NA;NA;"277"
"Manure processing techniques";"This search";"TOPIC: (manure  OR slurry  OR digestate  OR (digested near/3 manure)) AND TOPIC: (management  OR storage  OR lagoon*  OR ""anaerobic digest*""  OR tank*  OR treatment  OR process*  OR technolog*  OR techni*  OR (soil near/3 application)  OR (soil near/3 distribution)  OR (soil near/3 amend*)  OR biogas  OR precision) AND TOPIC: (""meta-analy*""  OR ""systematic* review*""  OR ""evidence map""  OR ""global synthesis""  OR ""evidence synthesis""  OR ""research synthesis"")";"196";"2021-07-01";"TITLE_ABS_KEY: (manure  OR slurry  OR digestate  OR (digested near/3 manure)) AND TITLE_ABS_KEY: (management  OR storage  OR lagoon*  OR ""anaerobic digest*""  OR tank*  OR treatment  OR process*  OR technolog*  OR techni*  OR (soil near/3 application)  OR (soil near/3 distribution)  OR (soil near/3 amend*)  OR biogas  OR precision) AND TITLE_ABS_KEY: (""meta-analy*""  OR ""systematic* review*""  OR ""evidence map""  OR ""global synthesis""  OR ""evidence synthesis""  OR ""research synthesis"")";"178";"2021-07-01";NA
"Manure processing techniques";"Other searches";NA;NA;NA;NA;NA;NA;NA
"Manure storage techniques";"Total";NA;NA;NA;NA;NA;NA;"277"
"Manure storage techniques";"This search";"TOPIC: (manure  OR slurry  OR digestate  OR (digested near/3 manure)) AND TOPIC: (management  OR storage  OR lagoon*  OR ""anaerobic digest*""  OR tank*  OR treatment  OR process*  OR technolog*  OR techni*  OR (soil near/3 application)  OR (soil near/3 distribution)  OR (soil near/3 amend*)  OR biogas  OR precision) AND TOPIC: (""meta-analy*""  OR ""systematic* review*""  OR ""evidence map""  OR ""global synthesis""  OR ""evidence synthesis""  OR ""research synthesis"")";"196";"2021-07-01";"TITLE_ABS_KEY: (manure  OR slurry  OR digestate  OR (digested near/3 manure)) AND TITLE_ABS_KEY: (management  OR storage  OR lagoon*  OR ""anaerobic digest*""  OR tank*  OR treatment  OR process*  OR technolog*  OR techni*  OR (soil near/3 application)  OR (soil near/3 distribution)  OR (soil near/3 amend*)  OR biogas  OR precision) AND TITLE_ABS_KEY: (""meta-analy*""  OR ""systematic* review*""  OR ""evidence map""  OR ""global synthesis""  OR ""evidence synthesis""  OR ""research synthesis"")";"178";"2021-07-01";NA
"Manure storage techniques";"Other searches";NA;NA;NA;NA;NA;NA;NA
"Mulching";NA;NA;NA;NA;NA;NA;NA;"551"
"Mulching";"This search";"(""crop residue*"" OR ""residue* from crop*"" OR ""field residue*"" OR ""plant residue*"" OR ""agricult* residue*"" OR ""legume residue*"" OR ""pruning residue*"" OR ""plant litter"" OR ""straw"" OR ""stubble*"" OR ""residue* retention"" OR ""residue* return"" OR ""residue* burning"" OR ""residue* incorporation"" OR ""mulch*"" ) (All Fields) AND ( ""meta-analy*"" OR ""systematic* review*"" OR ""evidence map"" OR ""global synthesis"" OR ""evidence synthesis"" OR ""research synthesis"") (All Fields)";"439";"2022-09-27";"(TITLE-ABS-KEY ( ( ""crop residue*""  OR  ""residue* from crop*""  OR  ""field residue*""  OR  ""plant residue*""  OR  ""agricult* residue*""  OR  ""legume residue*""  OR  ""pruning residue*""  OR  ""plant litter""  OR  ""straw""  OR  ""stubble*""  OR  ""residue* retention""  OR  ""residue* return""  OR  ""residue* burning""  OR  ""residue* incorporation""  OR  ""mulch*"" ) ) AND  TITLE-ABS-KEY ( ( ""meta-analy*""  OR  ""systematic* review*""  OR  ""evidence map""  OR  ""global synthesis""  OR  ""evidence synthesis""  OR  ""research synthesis"" ) ) )";"423";"2022-09-27";"545"
"Mulching";"Other searches";NA;NA;NA;NA;NA;NA;"9"
"No irrigation";"Total";NA;NA;NA;NA;NA;NA;"651"
"No irrigation";"This search";"((TS=((((""sustainab*"" OR ""improv*"" OR ""reduc*"" OR ""limit*"" OR ""deficit*"" OR ""efficien*"") NEAR ""irrigat*"") OR  ((""sustainab*"" OR ""improv*"") NEAR  ((""water"" NEAR (""use"" OR ""reuse"")) OR ""water use efficiency"" OR ""WUE"" OR ""water productivity"" OR ""water harvest*"" OR ""water balance"" OR ""water quality"" OR ""water uptake"" OR ""water holding capacity"")) OR  ((""sustainab*"" OR ""improv*"") NEAR (""water"" NEAR (""management"" OR ""storage"" OR ""retention"" OR  ""conservation"" OR ""infiltration""))) OR  ((""sustainab*"" OR ""improv*"") NEAR (""water"" NEAR (""blueprint"" OR ""footprint"")))) )) AND TS=((""plant*"" OR ""crop*"" OR ""agricult*"" OR ""cult*"" OR ""farm*""))) AND TS=((""meta-analy*"" OR ""systematic* review*"" OR ""evidence map"" OR ""global synthesis"" OR ""evidence synthesis"" OR ""research synthesis""))";"258";"2023-01-24";"TITLE-ABS-KEY((""sustainab*"" OR ""improv*"" OR ""reduc*"" OR ""limit*"" OR ""deficit*"" OR ""efficien*"") W/3 ""irrigat*"" ) OR ((""sustainab*"" OR ""improv*"") W/3 ((""water"" W/3 (""use"" OR ""reuse"")) OR ""water use efficiency"" OR ""WUE"" OR ""water productivity"" OR ""water harvest*"" OR ""water balance"" OR ""water quality"" OR ""water uptake"" OR ""water holding capacity"")) OR ((""sustainab*"" OR ""improv*"") W/3 (""water"" W/3 (""management"" OR ""storage"" OR ""retention"" OR ""conservation"" OR ""infiltration"")) OR ((""sustainab*"" OR ""improv*"") W/3 ( ""water"" W/3 (""blueprint"" OR ""footprint"")))) AND TITLE-ABS-KEY(""plant*"" OR ""crop*"" OR ""agricult*"" OR ""cult*"" OR ""farm*"") AND TITLE-ABS-KEY(""meta-analy*"" OR ""systematic* review*"" OR ""evidence map"" OR ""global synthesis"" OR ""evidence synthesis"" OR ""research synthesis"") AND ( LIMIT-TO ( SRCTYPE,""j"" ) ) AND ( LIMIT-TO ( SUBJAREA,""ENVI"" ) OR LIMIT-TO ( SUBJAREA,""AGRI"" ) ) AND ( LIMIT-TO ( LANGUAGE,""English"" ) )";"553";"2023-01-24";"639"
"No irrigation";"Other searches";NA;NA;NA;NA;NA;NA;"41"
"No tillage and reduced tillage";"Total";NA;NA;NA;NA;NA;NA;"359"
"No tillage and reduced tillage";"Search 1 (Conservation agriculture only)";"TS=(""conservation"" NEAR ""agriculture"") AND TS=((""meta-analy*""  OR ""systematic* review*""  OR ""evidence map""  OR ""global synthesis""  OR ""evidence synthesis""  OR ""research synthesis""))";"230";"2021-09-01";"TITLE-ABS-KEY(""conservation"" W/ ""agriculture"") AND TITLE-ABS-KEY((""meta-analy*""  OR ""systematic* review*""  OR ""evidence map""  OR ""global synthesis""  OR ""evidence synthesis""  OR ""research synthesis""))";"180";"2021-09-01";"350"
"No tillage and reduced tillage";"Search 2 (Conservation agriculture and no-tillage variants)";"TS=((""conservation"" NEAR ""agriculture"") OR (""no"" NEAR ""till*"")) AND TS=((""meta-analy*""  OR ""systematic* review*""  OR ""evidence map""  OR ""global synthesis""  OR ""evidence synthesis""  OR ""research synthesis""))";NA;"2021-09-01";"TITLE-ABS-KEY((""conservation"" W/ ""agriculture"") OR (""no"" W/ ""till*"")) AND TITLE-ABS-KEY((""meta-analy*""  OR ""systematic* review*""  OR ""evidence map""  OR ""global synthesis""  OR ""evidence synthesis""  OR ""research synthesis""))";NA;"2021-09-01";NA
"No tillage and reduced tillage";"Search 3 (Conservation agriculture and no/reduced tillage variants)";"TS=((""conservation"" NEAR ""agriculture"") OR (""no"" NEAR ""till*"") OR (""reduce*"" NEAR ""till*"")) AND TS=((""meta-analy*""  OR ""systematic* review*""  OR ""evidence map""  OR ""global synthesis""  OR ""evidence synthesis""  OR ""research synthesis""))";NA;"2021-09-01";"TITLE-ABS-KEY((""conservation"" W/ ""agriculture"") OR (""no"" W/ ""till*"") OR (""reduce*"" W/ ""till*"")) AND TITLE-ABS-KEY((""meta-analy*""  OR ""systematic* review*""  OR ""evidence map""  OR ""global synthesis""  OR ""evidence synthesis""  OR ""research synthesis""))";NA;"2021-09-01";NA
"No tillage and reduced tillage";"Search 4 (Conservation agriculture and no/reduced/minimum tillage)";"TS=((""conservation"" NEAR ""agriculture"") OR (""no"" NEAR ""till*"") OR (""reduce*"" NEAR ""till*"") OR (""minimum"" NEAR ""till*"")) AND TS=((""meta-analy*""  OR ""systematic* review*""  OR ""evidence map""  OR ""global synthesis""  OR ""evidence synthesis""  OR ""research synthesis""))";NA;"2021-09-01";"TITLE-ABS-KEY((""conservation"" W/ ""agriculture"") OR (""no"" W/ ""till*"") OR (""reduce*"" W/ ""till*"") OR (""minimum"" W/ ""till*"")) AND TITLE-ABS-KEY((""meta-analy*""  OR ""systematic* review*""  OR ""evidence map""  OR ""global synthesis""  OR ""evidence synthesis""  OR ""research synthesis""))";NA;"2021-09-01";NA
"No tillage and reduced tillage";"Search 5 (Conservation agriculture and no/reduced/minimum/zero tillage)";"TS=((""conservation"" NEAR ""agriculture"") OR (""no"" NEAR ""till*"") OR (""reduce*"" NEAR ""till*"") OR (""minimum"" NEAR ""till*"") OR (""zero"" NEAR ""till*"")) AND TS=((""meta-analy*""  OR ""systematic* review*""  OR ""evidence map""  OR ""global synthesis""  OR ""evidence synthesis""  OR ""research synthesis""))";NA;"2021-09-01";"TITLE-ABS-KEY((""conservation"" W/ ""agriculture"") OR (""no"" W/ ""till*"") OR (""reduce*"" W/ ""till*"") OR (""minimum"" W/ ""till*"") OR (""zero"" W/ ""till*"")) AND TITLE-ABS-KEY((""meta-analy*""  OR ""systematic* review*""  OR ""evidence map""  OR ""global synthesis""  OR ""evidence synthesis""  OR ""research synthesis""))";NA;"2021-09-01";NA
"No tillage and reduced tillage";"Search 6 (Conservation agriculture and no/reduced/minimum/zero/occasional tillage)";"TS=((""conservation"" NEAR ""agriculture"") OR (""no"" NEAR ""till*"") OR (""reduce*"" NEAR ""till*"") OR (""minimum"" NEAR ""till*"") OR (""zero"" NEAR ""till*"") OR (""occasional"" NEAR ""till*"")) AND TS=((""meta-analy*""  OR ""systematic* review*""  OR ""evidence map""  OR ""global synthesis""  OR ""evidence synthesis""  OR ""research synthesis""))";NA;"2021-09-01";"TITLE-ABS-KEY((""conservation"" W/ ""agriculture"") OR (""no"" W/ ""till*"") OR (""reduce*"" W/ ""till*"") OR (""minimum"" W/ ""till*"") OR (""zero"" W/ ""till*"") OR (""occasional"" W/ ""till*"")) AND TITLE-ABS-KEY((""meta-analy*""  OR ""systematic* review*""  OR ""evidence map""  OR ""global synthesis""  OR ""evidence synthesis""  OR ""research synthesis""))";NA;"2021-09-01";NA
"No tillage and reduced tillage";"Other searches";NA;NA;NA;NA;NA;"2021-09-01";"9"
"Organic farming systems";"Total";NA;NA;NA;NA;NA;NA;"171"
"Organic farming systems";"Latest search";"TOPIC: (""organic farm*"" OR ""organic agriculture"" OR ""organic system*"" OR ""organic product*"") AND TOPIC: (meta-analy* OR ""systematic* review*"" OR ""evidence map"" OR ""global synthesis"" OR ""evidence synthesis"" OR ""research synthesis"")";"124";"2021-10-01";"TITLE-ABS-KEY: (""organic farm*"" OR ""organic agriculture"" OR ""organic system*"" OR ""organic product*"") AND TITLE-ABS-KEY: (meta-analy* OR ""systematic* review*"" OR ""evidence map"" OR ""global synthesis"" OR ""evidence synthesis"" OR ""research synthesis"")";"135";"2021-10-01";"154"
"Organic farming systems";"Integrative for livestock";"TOPIC: ((organic near/4 farm*) OR (organic near/4 agric*) OR (organic near/4 produc*) OR (organic near/3 livestock) OR (organic near/3 animal)) AND TOPIC: (""animal*"" OR ""livestock"" OR ""ruminant*""  OR ""small ruminant*""  OR ""cattle""  OR ""dairy cattle"" OR ""dairy"" OR ""beef cattle""  OR ""sheep""  OR ""ewe*""  OR ""lamb*""  OR ""swine""  OR ""pig*""  OR ""porcine*"" OR ""goat*""  OR ""rabbit*""  OR ""poultry""  OR ""chicken*""  OR ""broiler*""  OR ""turkey*""  OR  ""hen*""  OR ""horse*""  OR ""mule*"" OR ""milk"" OR ""egg"" OR ""beef"" OR ""cheese"" OR ""meat"" OR (animal near/2 protein*) OR ""yogurt"" OR ""bacon"" OR ""pork"") AND TOPIC: (""meta-analy*""  OR  ""systematic* review*""  OR  ""evidence map""  OR  ""global synthesis""  OR  ""evidence synthesis""  OR  ""research synthesis"")";"78";"2021-09-01";"( TITLE-ABS-KEY ( ( organic  W/4  farm* )  OR  ( organic  W/4  agric* )  OR  ( organic  W/4  produc* )  OR  ( organic  W/3  livestock )  OR  ( organic  W/3  animal ) )  AND  TITLE-ABS-KEY ( ( ""animal*""  OR  ""livestock""  OR  ""ruminant*""  OR  ""small ruminant*""  OR  ""cattle""  OR  ""dairy cattle""  OR  ""dairy""  OR  ""beef cattle""  OR  ""sheep""  OR  ""ewe*""  OR  ""lamb*""  OR  ""swine""  OR  ""pig*""  OR  ""porcine*""  OR  ""goat*""  OR  ""rabbit*""  OR  ""poultry""  OR  ""chicken*""  OR  ""broiler*""  OR  ""turkey*""  OR  ""hen*""  OR  ""horse*""  OR  ""mule*""  OR  ""milk""  OR  ""egg""  OR  ""beef""  OR  ""cheese""  OR  ""meat""  OR  ( animal  W/2  protein* )  OR  ""yogurt""  OR  ""bacon""  OR  ""pork"" ) )  AND  TITLE-ABS-KEY ( ( ""meta-analy*""  OR  ""systematic* review*""  OR  ""evidence map""  OR  ""global synthesis""  OR  ""evidence synthesis""  OR  ""research synthesis"" ) ) )";"87";"2021-09-01";"98"
"Organic farming systems";"Previous search";"TOPIC: (""organic farm*"" OR ""organic agriculture"" OR ""organic system*"" OR ""organic product*"") AND TOPIC: (meta-analy* OR ""systematic* review*"" OR ""evidence map"" OR ""global synthesis"" OR ""evidence synthesis"" OR ""research synthesis"")";"85";"2020-07-01";"TITLE-ABS-KEY: (""organic farm*"" OR ""organic agriculture"" OR ""organic system*"" OR ""organic product*"") AND TITLE-ABS-KEY: (meta-analy* OR ""systematic* review*"" OR ""evidence map"" OR ""global synthesis"" OR ""evidence synthesis"" OR ""research synthesis"")";"79";"2020-07-01";"119"
"Organic farming systems";"Other sources";NA;NA;NA;NA;NA;NA;"2"
"Organic fertilisation";"Total";NA;NA;NA;NA;NA;NA;"185"
"Organic fertilisation";"This search";"TOPIC: ((organic near/4 fert*) OR (organic near/4 amend*) OR (manure near/4 application) OR (manure near/4 distribution) OR (vermicompost*)) AND TOPIC: (""meta-analy*"" OR ""systematic* review*"" OR ""evidence map"" OR ""global synthesis"" OR ""evidence synthesis"" OR ""research synthesis"")";"154";"2021-01-13";"( TITLE-ABS-KEY ( ( organic  W/4  fert* )  OR  ( organic  W/4  amend* )  OR  ( manure  W/4  application )  OR  ( manure  W/4  distribution ) OR (vermicompost*) )  AND  TITLE-ABS-KEY ( ( ""meta-analy*""  OR  ""systematic* review*""  OR  ""evidence map""  OR  ""global synthesis""  OR  ""evidence synthesis""  OR  ""research synthesis"" ) ) )";"125";"2021-01-13";"171"
"Organic fertilisation";"Other searches";NA;NA;NA;NA;NA;NA;"14"
"Peatland conservation and restoration";"Total";NA;NA;NA;NA;NA;NA;"471"
"Peatland conservation and restoration";"This search";"TS=(""wetland*"" OR ""marsh*"" OR ""fen*"" OR ""peatland*"" OR ""carbon-rich soil*"" OR ""carbon rich soil*"" OR ""wet meadow*"" OR ""wet soil*"" OR ""peat layer*"" OR ""water table*"" OR ""water layer*"" OR ""peat swamp*"" OR ""peat*"" OR ""water-saturated soil*"" OR ""black water*"" OR ""floodplain*"" OR ""histosol*"" OR ""mire*"" OR ""organic soil*"" OR ""estuar*"" OR ""mudflat*"" OR ""bog*"") AND TS= (""rewett*"" OR ""land use change*"" OR ""land-use change*"" OR ""conserve*"" OR ""preserv*"" OR ""restor*"" OR ""conver*"" OR ""drain*"" OR ""undrain*"" OR ""protect*"" OR ""water retention"" OR ""colonization W/4 Thyfa"" OR ""colonization W/4 Sphagnum"" OR ""colonisation W/4 Thyfa"" OR ""colonisation W/4 Sphagnum"" OR ""set aside"" OR ""dry-rewet*"" OR ""irrigat*"" OR ""reveget*"") AND TS=(""meta-analy*"" OR ""systematic* review*"" OR ""evidence map*"" OR ""global synthes*"" OR ""evidence synthes*""  OR ""research synthes*"")  AND  TS=(""wetland*"" OR ""marsh*"" OR ""fen*"" OR ""peatland*"" OR ""carbon-rich soil*"" OR ""carbon rich soil*"" OR ""wet meadow*"" OR ""wet soil*"" OR ""peat layer*"" OR ""water table*"" OR ""water layer*"" OR ""peat swamp*"" OR ""peat*"" OR ""water-saturated soil*"" OR ""black water*"" OR ""floodplain*"" OR ""histosol*"" OR ""mire*"" OR ""organic soil*"" OR ""estuar*"" OR ""mudflat*"") AND TS= (""plough*"" OR ""till*"" OR ""drain*"" OR ""water use"" OR ""machinery"" OR ""integrated pest management*"" OR ""IPM"" OR ""fertilis*"" OR ""fertiliz*"" OR ""paludicult*"" OR ""extensive W/4 management*"" OR ""burn*"" OR ""sustainable W/4 management*"" OR ""traditional W/4 management*"" OR ""prevention W/4 inva*"" OR ""eradication W/4 inva*"" OR ""control w/4 inva*"" OR ""graz*"" OR ""afforest*"") AND TS=(""meta-analy*"" OR ""systematic* review*"" OR ""evidence map*"" OR ""global synthes*"" OR ""evidence synthes*""  OR ""research synthes*"")";"345";"2022-05-18";"(SUBJAREA(AGRI OR ENVI) AND TITLE-ABS-KEY(""wetland*"" OR ""marsh*"" OR ""fen*"" OR ""peatland*"" OR ""carbon-rich soil*"" OR ""carbon rich soil*"" OR ""wet meadow*"" OR ""wet soil*"" OR ""peat layer*"" OR ""water table*"" OR ""water layer*"" OR ""peat swamp*"" OR ""peat*"" OR ""water-saturated soil*"" OR ""black water*"" OR ""floodplain*"" OR ""histosol*"" OR ""mire*"" OR ""organic soil*"" OR ""estuar*"" OR ""mudflat*"" OR ""bog*"") AND TITLE-ABS-KEY(""rewett*"" OR ""land use change*"" OR ""land-use change*"" OR ""conserve*"" OR ""preserv*"" OR ""restor*"" OR ""conver*"" OR ""drain*"" OR ""undrain*"" OR ""protect*"" OR ""water retention"" OR ""colonization W/4 Thyfa"" OR ""colonization W/4 Sphagnum"" OR ""colonisation W/4 Thyfa"" OR ""colonisation W/4 Sphagnum"" OR ""set aside"" OR ""dry-rewet*"" OR ""irrigat*"" OR ""reveget*"") AND TITLE-ABS-KEY(""meta-analy*"" OR ""systematic* review*"" OR ""evidence map*"" OR ""global synthes*"" OR ""evidence synthes*"" OR ""research synthes*""))  AND  (SUBJAREA(AGRI OR ENVI) AND TITLE-ABS-KEY(""wetland*"" OR ""marsh*"" OR ""fen*"" OR ""peatland*"" OR ""carbon-rich soil*"" OR ""carbon rich soil*"" OR ""wet meadow*"" OR ""wet soil*"" OR ""peat layer*"" OR ""water table*"" OR ""water layer*"" OR ""peat swamp*"" OR ""peat*"" OR ""water-saturated soil*"" OR ""black water*"" OR ""floodplain*"" OR ""histosol*"" OR ""mire*"" OR ""organic soil*"" OR ""estuar*"" OR ""mudflat*"") AND TITLE-ABS-KEY(""plough*"" OR ""till*"" OR ""drain*"" OR ""water use"" OR ""machinery"" OR ""integrated pest management*"" OR ""IPM"" OR ""fertilis*"" OR ""fertiliz*"" OR ""paludicult*"" OR ""extensive W/4 management*"" OR ""burn*"" OR ""sustainable W/4 management*"" OR ""traditional W/4 management*"" OR ""prevention W/4 inva*"" OR ""eradication W/4 inva*"" OR ""control w/4 inva*"" OR ""graz*"" OR ""afforest*"") AND TITLE-ABS-KEY(""meta-analy*"" OR ""systematic* review*"" OR ""evidence map*"" OR ""global synthes*"" OR ""evidence synthes*"" OR ""research synthes*""))";"289";"2022-05-18";"470"
"Peatland conservation and restoration";"Other searches";NA;NA;NA;NA;NA;NA;"1"
"Peatland management";"Total";NA;NA;NA;NA;NA;NA;"471"
"Peatland management";"1° search";"TS=(""wetland*"" OR ""marsh*"" OR ""fen*"" OR ""peatland*"" OR ""carbon-rich soil*"" OR ""carbon rich soil*"" OR ""wet meadow*"" OR ""wet soil*"" OR ""peat layer*"" OR ""water table*"" OR ""water layer*"" OR ""peat swamp*"" OR ""peat*"" OR ""water-saturated soil*"" OR ""black water*"" OR ""floodplain*"" OR ""histosol*"" OR ""mire*"" OR ""organic soil*"" OR ""estuar*"" OR ""mudflat*"" OR ""bog*"") AND TS= (""rewett*"" OR ""land use change*"" OR ""land-use change*"" OR ""conserve*"" OR ""preserv*"" OR ""restor*"" OR ""conver*"" OR ""drain*"" OR ""undrain*"" OR ""protect*"" OR ""water retention"" OR ""colonization W/4 Thyfa"" OR ""colonization W/4 Sphagnum"" OR ""colonisation W/4 Thyfa"" OR ""colonisation W/4 Sphagnum"" OR ""set aside"" OR ""dry-rewet*"" OR ""irrigat*"" OR ""reveget*"") AND TS=(""meta-analy*"" OR ""systematic* review*"" OR ""evidence map*"" OR ""global synthes*"" OR ""evidence synthes*"" OR ""research synthes*"")";"345";"2022-05-01";"(SUBJAREA(AGRI OR ENVI) AND TITLE-ABS-KEY(""wetland*"" OR ""marsh*"" OR ""fen*"" OR ""peatland*"" OR ""carbon-rich soil*"" OR ""carbon rich soil*"" OR ""wet meadow*"" OR ""wet soil*"" OR ""peat layer*"" OR ""water table*"" OR ""water layer*"" OR ""peat swamp*"" OR ""peat*"" OR ""water-saturated soil*"" OR ""black water*"" OR ""floodplain*"" OR ""histosol*"" OR ""mire*"" OR ""organic soil*"" OR ""estuar*"" OR ""mudflat*"" OR ""bog*"") AND TITLE-ABS-KEY(""rewett*"" OR ""land use change*"" OR ""land-use change*"" OR ""conserve*"" OR ""preserv*"" OR ""restor*"" OR ""conver*"" OR ""drain*"" OR ""undrain*"" OR ""protect*"" OR ""water retention"" OR ""colonization W/4 Thyfa"" OR ""colonization W/4 Sphagnum"" OR ""colonisation W/4 Thyfa"" OR ""colonisation W/4 Sphagnum"" OR ""set aside"" OR ""dry-rewet*"" OR ""irrigat*"" OR ""reveget*"") AND TITLE-ABS-KEY(""meta-analy*"" OR ""systematic* review*"" OR ""evidence map*"" OR ""global synthes*"" OR ""evidence synthes*"" OR ""research synthes*""))";"289";"2022-05-01";"470"
"Peatland management";"2° search";"TS=(""wetland*"" OR ""marsh*"" OR ""fen*"" OR ""peatland*"" OR ""carbon-rich soil*"" OR ""carbon rich soil*"" OR ""wet meadow*"" OR ""wet soil*"" OR ""peat layer*"" OR ""water table*"" OR ""water layer*"" OR ""peat swamp*"" OR ""peat*"" OR ""water-saturated soil*"" OR ""black water*"" OR ""floodplain*"" OR ""histosol*"" OR ""mire*"" OR ""organic soil*"" OR ""estuar*"" OR ""mudflat*"") AND TS= (""plough*"" OR ""till*"" OR ""drain*"" OR ""water use"" OR ""machinery"" OR ""integrated pest management*"" OR ""IPM"" OR ""fertilis*"" OR ""fertiliz*"" OR ""paludicult*"" OR ""extensive W/4 management*"" OR ""burn*"" OR ""sustainable W/4 management*"" OR ""traditional W/4 management*"" OR ""prevention W/4 inva*"" OR ""eradication W/4 inva*"" OR ""control w/4 inva*"" OR ""graz*"" OR ""afforest*"") AND TS=(""meta-analy*"" OR ""systematic* review*"" OR ""evidence map*"" OR ""global synthes*"" OR ""evidence synthes*"" OR ""research synthes*"")";NA;"2022-05-01";"(SUBJAREA(AGRI OR ENVI) AND TITLE-ABS-KEY(""wetland*"" OR ""marsh*"" OR ""fen*"" OR ""peatland*"" OR ""carbon-rich soil*"" OR ""carbon rich soil*"" OR ""wet meadow*"" OR ""wet soil*"" OR ""peat layer*"" OR ""water table*"" OR ""water layer*"" OR ""peat swamp*"" OR ""peat*"" OR ""water-saturated soil*"" OR ""black water*"" OR ""floodplain*"" OR ""histosol*"" OR ""mire*"" OR ""organic soil*"" OR ""estuar*"" OR ""mudflat*"") AND TITLE-ABS-KEY(""plough*"" OR ""till*"" OR ""drain*"" OR ""water use"" OR ""machinery"" OR ""integrated pest management*"" OR ""IPM"" OR ""fertilis*"" OR ""fertiliz*"" OR ""paludicult*"" OR ""extensive W/4 management*"" OR ""burn*"" OR ""sustainable W/4 management*"" OR ""traditional W/4 management*"" OR ""prevention W/4 inva*"" OR ""eradication W/4 inva*"" OR ""control w/4 inva*"" OR ""graz*"" OR ""afforest*"") AND TITLE-ABS-KEY(""meta-analy*"" OR ""systematic* review*"" OR ""evidence map*"" OR ""global synthes*"" OR ""evidence synthes*"" OR ""research synthes*""))";NA;"2022-05-01";NA
"Peatland management";"other searches";NA;NA;NA;NA;NA;NA;"1"
"Pesticides reduction strategies";"Total";NA;"135";NA;NA;"232";NA;"228"
"Pesticides reduction strategies";"Pesticide reduction/decrease";"TOPIC : (((""fungicid*"" OR ""insecticid*"" OR ""herbicid*"" OR ""pesticid*"") near/3 treat* near/3 reduc*) OR ((""fungicid*"" OR ""insecticid*"" OR ""herbicid*"" OR ""pesticid*"") near/3 treat* near/3 decreas*) OR (reduc* near/3 (""fungicid*"" OR ""insecticid*"" OR ""herbicid*"" OR ""pesticid*"") near/3 manag*) OR (decreas* near/3 (""fungicid*"" OR ""insecticid*"" OR ""herbicid*"" OR ""pesticid*"") near/3 manag*) OR (low* near/3 input) OR ((""fungicid*"" OR ""insecticid*"" OR ""herbicid*"" OR ""pesticid*"") near/3 use near/3 reduc*) OR ((""fungicid*"" OR ""insecticid*"" OR ""herbicid*"" OR ""pesticid*"") near/3 use near/3 decreas*)) AND TOPIC: ((""meta-analy*""  OR ""systematic* review*""  OR ""evidence map""  OR ""global synthesis""  OR ""evidence synthesis""  OR ""research synthesis""))";"63";"2021-03-02";"TITLE-ABS-KEY:  (((""fungicid*"" OR ""insecticid*"" OR ""herbicid*"" OR ""pesticid*"") W/3 treat* W/3 reduc*) OR ((""fungicid*"" OR ""insecticid*"" OR ""herbicid*"" OR ""pesticid*"") W/3 treat* W/3 decreas*) OR (reduc* W/3 (""fungicid*"" OR ""insecticid*"" OR ""herbicid*"" OR ""pesticid*"") W/3 manag*) OR (decreas* W/3 (""fungicid*"" OR ""insecticid*"" OR ""herbicid*"" OR ""pesticid*"") W/3 manag*) OR (low* W/3 input) OR ((""fungicid*"" OR ""insecticid*"" OR ""herbicid*"" OR ""pesticid*"") W/3 use W/3 reduc*) OR ((""fungicid*"" OR ""insecticid*"" OR ""herbicid*"" OR ""pesticid*"") W/3 use W/3 decreas*)) AND TITLE-ABS-KEY: ((""meta-analy*""  OR ""systematic* review*""  OR ""evidence map""  OR ""global synthesis""  OR ""evidence synthesis""  OR ""research synthesis""))";"136";"2021-03-01";NA
"Pesticides reduction strategies";"No pesticide";"TOPIC : ((zero OR abs* OR no) near/3 (""fungicid*"" OR ""insecticid*"" OR ""herbicid*"" OR ""pesticid*"")) AND TOPIC: ((""meta-analy*""  OR ""systematic* review*""  OR ""evidence map""  OR ""global synthesis""  OR ""evidence synthesis""  OR ""research synthesis""))";"25";"2021-03-02";"TITLE-ABS-KEY: ((zero OR abs* OR no) W/3 (""fungicid*"" OR ""insecticid*"" OR ""herbicid*"" OR ""pesticid*"")) AND TITLE-ABS-KEY: ((""meta-analy*""  OR ""systematic* review*""  OR ""evidence map""  OR ""global synthesis""  OR ""evidence synthesis""  OR ""research synthesis""))";"33";"2021-03-01";NA
"Pesticides reduction strategies";"Integrated pest management";"TOPIC: (((integrated near/3 (pest* OR diseas*) near/3 manag*)  OR (precision near/5 (pest* OR diseas*) near/3 manag*)  OR ""service crop*"")) AND TOPIC: ((""meta-analy*""  OR ""systematic* review*""  OR ""evidence map""  OR ""global synthesis""  OR ""evidence synthesis""  OR ""research synthesis""))";"47";"2021-03-02";"TITLE-ABS-KEY: (((integrated W/3 (pest* OR diseas*) W/3 manag*)  OR (precision W/5 (pest* OR diseas*) W/3 manag*)  OR ""service crop*"")) AND TITLE-ABS-KEY: ((""meta-analy*""  OR ""systematic* review*""  OR ""evidence map""  OR ""global synthesis""  OR ""evidence synthesis""  OR ""research synthesis""))";"63";"2021-03-01";NA
"Soil amendment with biochar";"Total";NA;NA;NA;NA;NA;NA;"132"
"Soil amendment with biochar";"This search";"TOPIC: (biochar OR charcoal OR ""black carbon"") AND TOPIC: (soil OR agriculture OR farming) AND TOPIC: (""meta-analy*"" OR ""systematic* review*"" OR ""evidence map"" OR ""global synthesis"" OR ""evidence synthesis"" OR ""research synthesis"")";"106";"2021-02-01";"TITLE-ABS-KEY: (biochar OR charcoal OR ""black carbon"") AND TITLE-ABS-KEY: (soil OR agriculture OR farming) AND TITLE-ABS-KEY: (""meta-analy*"" OR ""systematic* review*"" OR ""evidence map"" OR ""global synthesis"" OR ""evidence synthesis"" OR ""research synthesis"")";"121";"2021-02-01";"132"
"Soil amendment with biochar";"Other searches";NA;NA;NA;NA;NA;NA;NA
"Soil amendment with lime and gypsum";"Total";NA;NA;NA;NA;NA;NA;"35"
"Soil amendment with lime and gypsum";"This search";"TOPIC: (""liming"" OR ""limest*"" OR ""chalk*"" OR ""marl*"" OR ""gypsum"") AND TOPIC: (soil) AND TOPIC: (""meta-analy*"" OR ""systematic* review*"" OR ""evidence map"" OR ""global synthesis"" OR ""evidence synthesis"" OR ""research synthesis"")";"24";"2021-02-01";"TITLE-ABS-KEY ( ( ""liming""  OR  ""limest*""  OR  ""chalk*""  OR  ""marl*""  OR  ""gypsum"" ) )  AND  TITLE-ABS-KEY ( soil )  AND  TITLE-ABS-KEY ( ( ""meta-analy*""  OR  ""systematic* review*""  OR  ""evidence map""  OR  ""global synthesis""  OR  ""evidence synthesis""  OR  ""research synthesis"" ) )";"32";"2021-02-01";"35"
"Soil amendment with lime and gypsum";"Other searches";NA;NA;NA;NA;NA;NA;NA
"Water-saving irrigation practices in flooded lands";"Total";NA;NA;NA;NA;NA;NA;"658"
"Water-saving irrigation practices in flooded lands";"This search";"((TS=((((""sustainab*"" OR ""improv*"" OR ""reduc*"" OR ""limit*"" OR ""deficit*"" OR ""efficien*"") NEAR ""irrigat*"") OR  ((""sustainab*"" OR ""improv*"") NEAR  ((""water"" NEAR (""use"" OR ""reuse"")) OR ""water use efficiency"" OR ""WUE"" OR ""water productivity"" OR ""water harvest*"" OR ""water balance"" OR ""water quality"" OR ""water uptake"" OR ""water holding capacity"")) OR  ((""sustainab*"" OR ""improv*"") NEAR (""water"" NEAR (""management"" OR ""storage"" OR ""retention"" OR  ""conservation"" OR ""infiltration""))) OR  ((""sustainab*"" OR ""improv*"") NEAR (""water"" NEAR (""blueprint"" OR ""footprint"")))) )) AND TS=((""plant*"" OR ""crop*"" OR ""agricult*"" OR ""cult*"" OR ""farm*""))) AND TS=((""meta-analy*"" OR ""systematic* review*"" OR ""evidence map"" OR ""global synthesis"" OR ""evidence synthesis"" OR ""research synthesis""))";"258";"2023-01-24";"TITLE-ABS-KEY((""sustainab*"" OR ""improv*"" OR ""reduc*"" OR ""limit*"" OR ""deficit*"" OR ""efficien*"") W/3 ""irrigat*"" ) OR ((""sustainab*"" OR ""improv*"") W/3 ((""water"" W/3 (""use"" OR ""reuse"")) OR ""water use efficiency"" OR ""WUE"" OR ""water productivity"" OR ""water harvest*"" OR ""water balance"" OR ""water quality"" OR ""water uptake"" OR ""water holding capacity"")) OR ((""sustainab*"" OR ""improv*"") W/3 (""water"" W/3 (""management"" OR ""storage"" OR ""retention"" OR ""conservation"" OR ""infiltration"")) OR ((""sustainab*"" OR ""improv*"") W/3 ( ""water"" W/3 (""blueprint"" OR ""footprint"")))) AND TITLE-ABS-KEY(""plant*"" OR ""crop*"" OR ""agricult*"" OR ""cult*"" OR ""farm*"") AND TITLE-ABS-KEY(""meta-analy*"" OR ""systematic* review*"" OR ""evidence map"" OR ""global synthesis"" OR ""evidence synthesis"" OR ""research synthesis"") AND ( LIMIT-TO ( SRCTYPE,""j"" ) ) AND ( LIMIT-TO ( SUBJAREA,""ENVI"" ) OR LIMIT-TO ( SUBJAREA,""AGRI"" ) ) AND ( LIMIT-TO ( LANGUAGE,""English"" ) )";"553";"2023-01-24";"636"
"Water-saving irrigation practices in flooded lands";"Other searches";NA;NA;NA;NA;NA;NA;"22"
"Water-saving irrigation practices in non-flooded lands";"Total";NA;NA;NA;NA;NA;NA;"658"
"Water-saving irrigation practices in non-flooded lands";"This search";"((TS=((((""sustainab*"" OR ""improv*"" OR ""reduc*"" OR ""limit*"" OR ""deficit*"" OR ""efficien*"") NEAR ""irrigat*"") OR  ((""sustainab*"" OR ""improv*"") NEAR  ((""water"" NEAR (""use"" OR ""reuse"")) OR ""water use efficiency"" OR ""WUE"" OR ""water productivity"" OR ""water harvest*"" OR ""water balance"" OR ""water quality"" OR ""water uptake"" OR ""water holding capacity"")) OR  ((""sustainab*"" OR ""improv*"") NEAR (""water"" NEAR (""management"" OR ""storage"" OR ""retention"" OR  ""conservation"" OR ""infiltration""))) OR  ((""sustainab*"" OR ""improv*"") NEAR (""water"" NEAR (""blueprint"" OR ""footprint"")))) )) AND TS=((""plant*"" OR ""crop*"" OR ""agricult*"" OR ""cult*"" OR ""farm*""))) AND TS=((""meta-analy*"" OR ""systematic* review*"" OR ""evidence map"" OR ""global synthesis"" OR ""evidence synthesis"" OR ""research synthesis""))";"258";"2023-01-24";"TITLE-ABS-KEY((""sustainab*"" OR ""improv*"" OR ""reduc*"" OR ""limit*"" OR ""deficit*"" OR ""efficien*"") W/3 ""irrigat*"" ) OR ((""sustainab*"" OR ""improv*"") W/3 ((""water"" W/3 (""use"" OR ""reuse"")) OR ""water use efficiency"" OR ""WUE"" OR ""water productivity"" OR ""water harvest*"" OR ""water balance"" OR ""water quality"" OR ""water uptake"" OR ""water holding capacity"")) OR ((""sustainab*"" OR ""improv*"") W/3 (""water"" W/3 (""management"" OR ""storage"" OR ""retention"" OR ""conservation"" OR ""infiltration"")) OR ((""sustainab*"" OR ""improv*"") W/3 ( ""water"" W/3 (""blueprint"" OR ""footprint"")))) AND TITLE-ABS-KEY(""plant*"" OR ""crop*"" OR ""agricult*"" OR ""cult*"" OR ""farm*"") AND TITLE-ABS-KEY(""meta-analy*"" OR ""systematic* review*"" OR ""evidence map"" OR ""global synthesis"" OR ""evidence synthesis"" OR ""research synthesis"") AND ( LIMIT-TO ( SRCTYPE,""j"" ) ) AND ( LIMIT-TO ( SUBJAREA,""ENVI"" ) OR LIMIT-TO ( SUBJAREA,""AGRI"" ) ) AND ( LIMIT-TO ( LANGUAGE,""English"" ) )";"553";"2023-01-24";"636"
"Water-saving irrigation practices in non-flooded lands";"Other searches";NA;NA;NA;NA;NA;NA;"22"
"Wetland conservation and restoration";"Total";NA;NA;NA;NA;NA;NA;"471"
"Wetland conservation and restoration";"1° search";"TS=(""wetland*"" OR ""marsh*"" OR ""fen*"" OR ""peatland*"" OR ""carbon-rich soil*"" OR ""carbon rich soil*"" OR ""wet meadow*"" OR ""wet soil*"" OR ""peat layer*"" OR ""water table*"" OR ""water layer*"" OR ""peat swamp*"" OR ""peat*"" OR ""water-saturated soil*"" OR ""black water*"" OR ""floodplain*"" OR ""histosol*"" OR ""mire*"" OR ""organic soil*"" OR ""estuar*"" OR ""mudflat*"" OR ""bog*"") AND TS= (""rewett*"" OR ""land use change*"" OR ""land-use change*"" OR ""conserve*"" OR ""preserv*"" OR ""restor*"" OR ""conver*"" OR ""drain*"" OR ""undrain*"" OR ""protect*"" OR ""water retention"" OR ""colonization W/4 Thyfa"" OR ""colonization W/4 Sphagnum"" OR ""colonisation W/4 Thyfa"" OR ""colonisation W/4 Sphagnum"" OR ""set aside"" OR ""dry-rewet*"" OR ""irrigat*"" OR ""reveget*"") AND TS=(""meta-analy*"" OR ""systematic* review*"" OR ""evidence map*"" OR ""global synthes*"" OR ""evidence synthes*"" OR ""research synthes*"")";"342";"2022-05-01";"(SUBJAREA(AGRI OR ENVI) AND TITLE-ABS-KEY(""wetland*"" OR ""marsh*"" OR ""fen*"" OR ""peatland*"" OR ""carbon-rich soil*"" OR ""carbon rich soil*"" OR ""wet meadow*"" OR ""wet soil*"" OR ""peat layer*"" OR ""water table*"" OR ""water layer*"" OR ""peat swamp*"" OR ""peat*"" OR ""water-saturated soil*"" OR ""black water*"" OR ""floodplain*"" OR ""histosol*"" OR ""mire*"" OR ""organic soil*"" OR ""estuar*"" OR ""mudflat*"" OR ""bog*"") AND TITLE-ABS-KEY(""rewett*"" OR ""land use change*"" OR ""land-use change*"" OR ""conserve*"" OR ""preserv*"" OR ""restor*"" OR ""conver*"" OR ""drain*"" OR ""undrain*"" OR ""protect*"" OR ""water retention"" OR ""colonization W/4 Thyfa"" OR ""colonization W/4 Sphagnum"" OR ""colonisation W/4 Thyfa"" OR ""colonisation W/4 Sphagnum"" OR ""set aside"" OR ""dry-rewet*"" OR ""irrigat*"" OR ""reveget*"") AND TITLE-ABS-KEY(""meta-analy*"" OR ""systematic* review*"" OR ""evidence map*"" OR ""global synthes*"" OR ""evidence synthes*"" OR ""research synthes*""))";"298";"2022-05-01";"470"
"Wetland conservation and restoration";"2° search";"TS=(""wetland*"" OR ""marsh*"" OR ""fen*"" OR ""peatland*"" OR ""carbon-rich soil*"" OR ""carbon rich soil*"" OR ""wet meadow*"" OR ""wet soil*"" OR ""peat layer*"" OR ""water table*"" OR ""water layer*"" OR ""peat swamp*"" OR ""peat*"" OR ""water-saturated soil*"" OR ""black water*"" OR ""floodplain*"" OR ""histosol*"" OR ""mire*"" OR ""organic soil*"" OR ""estuar*"" OR ""mudflat*"") AND TS= (""plough*"" OR ""till*"" OR ""drain*"" OR ""water use"" OR ""machinery"" OR ""integrated pest management*"" OR ""IPM"" OR ""fertilis*"" OR ""fertiliz*"" OR ""paludicult*"" OR ""extensive W/4 management*"" OR ""burn*"" OR ""sustainable W/4 management*"" OR ""traditional W/4 management*"" OR ""prevention W/4 inva*"" OR ""eradication W/4 inva*"" OR ""control w/4 inva*"" OR ""graz*"" OR ""afforest*"") AND TS=(""meta-analy*"" OR ""systematic* review*"" OR ""evidence map*"" OR ""global synthes*"" OR ""evidence synthes*"" OR ""research synthes*"")";NA;"2022-05-01";"(SUBJAREA(AGRI OR ENVI) AND TITLE-ABS-KEY(""wetland*"" OR ""marsh*"" OR ""fen*"" OR ""peatland*"" OR ""carbon-rich soil*"" OR ""carbon rich soil*"" OR ""wet meadow*"" OR ""wet soil*"" OR ""peat layer*"" OR ""water table*"" OR ""water layer*"" OR ""peat swamp*"" OR ""peat*"" OR ""water-saturated soil*"" OR ""black water*"" OR ""floodplain*"" OR ""histosol*"" OR ""mire*"" OR ""organic soil*"" OR ""estuar*"" OR ""mudflat*"") AND TITLE-ABS-KEY(""plough*"" OR ""till*"" OR ""drain*"" OR ""water use"" OR ""machinery"" OR ""integrated pest management*"" OR ""IPM"" OR ""fertilis*"" OR ""fertiliz*"" OR ""paludicult*"" OR ""extensive W/4 management*"" OR ""burn*"" OR ""sustainable W/4 management*"" OR ""traditional W/4 management*"" OR ""prevention W/4 inva*"" OR ""eradication W/4 inva*"" OR ""control w/4 inva*"" OR ""graz*"" OR ""afforest*"") AND TITLE-ABS-KEY(""meta-analy*"" OR ""systematic* review*"" OR ""evidence map*"" OR ""global synthes*"" OR ""evidence synthes*"" OR ""research synthes*""))";NA;"2022-05-01";NA
"Wetland conservation and restoration";"other searches";NA;NA;NA;NA;NA;NA;"1"
"Wetland management";"Total";NA;NA;NA;NA;NA;NA;"471"
"Wetland management";"1° search";"TS=(""wetland*"" OR ""marsh*"" OR ""fen*"" OR ""peatland*"" OR ""carbon-rich soil*"" OR ""carbon rich soil*"" OR ""wet meadow*"" OR ""wet soil*"" OR ""peat layer*"" OR ""water table*"" OR ""water layer*"" OR ""peat swamp*"" OR ""peat*"" OR ""water-saturated soil*"" OR ""black water*"" OR ""floodplain*"" OR ""histosol*"" OR ""mire*"" OR ""organic soil*"" OR ""estuar*"" OR ""mudflat*"" OR ""bog*"") AND TS= (""rewett*"" OR ""land use change*"" OR ""land-use change*"" OR ""conserve*"" OR ""preserv*"" OR ""restor*"" OR ""conver*"" OR ""drain*"" OR ""undrain*"" OR ""protect*"" OR ""water retention"" OR ""colonization W/4 Thyfa"" OR ""colonization W/4 Sphagnum"" OR ""colonisation W/4 Thyfa"" OR ""colonisation W/4 Sphagnum"" OR ""set aside"" OR ""dry-rewet*"" OR ""irrigat*"" OR ""reveget*"") AND TS=(""meta-analy*"" OR ""systematic* review*"" OR ""evidence map*"" OR ""global synthes*"" OR ""evidence synthes*"" OR ""research synthes*"")";"342";"2022-05-01";"(SUBJAREA(AGRI OR ENVI) AND TITLE-ABS-KEY(""wetland*"" OR ""marsh*"" OR ""fen*"" OR ""peatland*"" OR ""carbon-rich soil*"" OR ""carbon rich soil*"" OR ""wet meadow*"" OR ""wet soil*"" OR ""peat layer*"" OR ""water table*"" OR ""water layer*"" OR ""peat swamp*"" OR ""peat*"" OR ""water-saturated soil*"" OR ""black water*"" OR ""floodplain*"" OR ""histosol*"" OR ""mire*"" OR ""organic soil*"" OR ""estuar*"" OR ""mudflat*"" OR ""bog*"") AND TITLE-ABS-KEY(""rewett*"" OR ""land use change*"" OR ""land-use change*"" OR ""conserve*"" OR ""preserv*"" OR ""restor*"" OR ""conver*"" OR ""drain*"" OR ""undrain*"" OR ""protect*"" OR ""water retention"" OR ""colonization W/4 Thyfa"" OR ""colonization W/4 Sphagnum"" OR ""colonisation W/4 Thyfa"" OR ""colonisation W/4 Sphagnum"" OR ""set aside"" OR ""dry-rewet*"" OR ""irrigat*"" OR ""reveget*"") AND TITLE-ABS-KEY(""meta-analy*"" OR ""systematic* review*"" OR ""evidence map*"" OR ""global synthes*"" OR ""evidence synthes*"" OR ""research synthes*""))";"298";"2022-05-01";"470"
"Wetland management";"2° search";"TS=(""wetland*"" OR ""marsh*"" OR ""fen*"" OR ""peatland*"" OR ""carbon-rich soil*"" OR ""carbon rich soil*"" OR ""wet meadow*"" OR ""wet soil*"" OR ""peat layer*"" OR ""water table*"" OR ""water layer*"" OR ""peat swamp*"" OR ""peat*"" OR ""water-saturated soil*"" OR ""black water*"" OR ""floodplain*"" OR ""histosol*"" OR ""mire*"" OR ""organic soil*"" OR ""estuar*"" OR ""mudflat*"") AND TS= (""plough*"" OR ""till*"" OR ""drain*"" OR ""water use"" OR ""machinery"" OR ""integrated pest management*"" OR ""IPM"" OR ""fertilis*"" OR ""fertiliz*"" OR ""paludicult*"" OR ""extensive W/4 management*"" OR ""burn*"" OR ""sustainable W/4 management*"" OR ""traditional W/4 management*"" OR ""prevention W/4 inva*"" OR ""eradication W/4 inva*"" OR ""control w/4 inva*"" OR ""graz*"" OR ""afforest*"") AND TS=(""meta-analy*"" OR ""systematic* review*"" OR ""evidence map*"" OR ""global synthes*"" OR ""evidence synthes*"" OR ""research synthes*"")";NA;"2022-05-01";"(SUBJAREA(AGRI OR ENVI) AND TITLE-ABS-KEY(""wetland*"" OR ""marsh*"" OR ""fen*"" OR ""peatland*"" OR ""carbon-rich soil*"" OR ""carbon rich soil*"" OR ""wet meadow*"" OR ""wet soil*"" OR ""peat layer*"" OR ""water table*"" OR ""water layer*"" OR ""peat swamp*"" OR ""peat*"" OR ""water-saturated soil*"" OR ""black water*"" OR ""floodplain*"" OR ""histosol*"" OR ""mire*"" OR ""organic soil*"" OR ""estuar*"" OR ""mudflat*"") AND TITLE-ABS-KEY(""plough*"" OR ""till*"" OR ""drain*"" OR ""water use"" OR ""machinery"" OR ""integrated pest management*"" OR ""IPM"" OR ""fertilis*"" OR ""fertiliz*"" OR ""paludicult*"" OR ""extensive W/4 management*"" OR ""burn*"" OR ""sustainable W/4 management*"" OR ""traditional W/4 management*"" OR ""prevention W/4 inva*"" OR ""eradication W/4 inva*"" OR ""control w/4 inva*"" OR ""graz*"" OR ""afforest*"") AND TITLE-ABS-KEY(""meta-analy*"" OR ""systematic* review*"" OR ""evidence map*"" OR ""global synthes*"" OR ""evidence synthes*"" OR ""research synthes*""))";NA;"2022-05-01";NA
"Wetland management";"other searches";NA;NA;NA;NA;NA;NA;"1"
