﻿"fpid";"used_for";"criteria"
"Agroforestry systems";"exclusion";"The topic of the meta-analysis is out of the scope of this review."
"Agroforestry systems";"inclusion";"Direct comparisons between agroforestry systems and agricultural land (managed through conventional agricultural practices)."
"Conservation agriculture systems";"exclusion";"The topic of the meta-analysis is out of the scope of this review."
"Cover and catch crops";"exclusion";"The paper is not written in English."
"Cover and catch crops";"inclusion";"Crops sown on purpose during the fallow season, or undersown to winter/spring main crops, or sown between rows of tree or vineyard crops as mean of soil living cover."
"Crop residue management";"exclusion";"Out of the scope"
"Crop rotation";"exclusion";"The topic of the meta-analysis is out of the scope of this review"
"Enhanced efficiency fertilisers";"exclusion";"The topic of the meta-analysis is out of the scope of this review"
"Fallowing";"exclusion";"The topic of the meta-analysis is out of the scope of this review."
"Fallowing";"inclusion";"bare land with no crops at all (according to the official definition)"
"Grassland conservation and restoration";"exclusion";"The topic of the meta-analysis is out of the scope of this review."
"Grassland management";"exclusion";"The topic of the meta-analysis is out of the scope of this review."
"Grassland management";"inclusion";"Tillage on grassland, rotational grazing, grazing season, livestock grazing density, organic grassland, shrub removal, controlled burning, grassland conservation, permenent grassaland, natural grassland."
"Grazing management";"exclusion";"The topic of the meta-analysis is out of the scope of this review."
"Grazing management";"inclusion";"Tillage on grassland, rotational grazing, grazing season, livestock grazing density, organic grassland, shrub removal, controlled burning, grassland conservation, permenent grassaland, natural grassland."
"Green manure";"exclusion";"The topic of the meta-analysis is out of the scope of this review"
"Green manure";"inclusion";"Case 1 : Green manure (or organic fertilizer) vs. Unfertilized control. Useful to estimate the effect of organic fertilization. Can be relevant when no mineral fertilization is available (e.g., organic systems)."
"Intercropping";"exclusion";"The topic of the meta-analysis is out of the scope of this review."
"Intercropping";"inclusion";"Mixed cropping"
"Landscape features";"exclusion";"The paper is not written in English."
"Landscape features";"inclusion";"Studies at field, farm and landscape scale"
"Leguminous crops";"exclusion";"The paper is not written in English."
"Leguminous crops";"inclusion";"Rotation including leguminous crops vs rotation excluding leguminous crops"
"Livestock feeding techniques";"exclusion";"The topic of the meta-analysis is out of the scope of this review"
"Livestock housing techniques";"exclusion";"The topic of the meta-analysis is out of the scope of this review"
"Low ammonia emission techniques for mineral fertilisation";"exclusion";"The topic of the meta-analysis is out of the scope of this review"
"Manure land application techniques";"exclusion";"The topic of the meta-analysis is out of the scope of this review."
"Manure processing techniques";"exclusion";"The topic of the meta-analysis is out of the scope of this review."
"Manure storage techniques";"exclusion";"The topic of the meta-analysis is out of the scope of this review."
"Mulching";"exclusion";"Out of the scope"
"No irrigation";"exclusion";"The topic of the meta-analysis is out of the scope of this review"
"No irrigation";"inclusion";"The meta-analysis evaluates environmental or productive performance of non-irrigated or rainfed systems compared to irrigated systems (non water-saving or water-saving irrigation practices) in non-flooded and in flooded fields."
"No tillage and reduced tillage";"exclusion";"The topic of the meta-analysis is out of the scope of this review."
"Organic farming systems";"exclusion";"The topic of the meta-analysis is out of the scope of this review."
"Organic fertilisation";"exclusion";"The topic of the meta-analysis is out of the scope of this review."
"Organic fertilisation";"inclusion";"Organic fertilisation is compared to unfertilised control."
"Peatland conservation and restoration";"exclusion";"The paper did not deal with peatlands or carbon-rich soils or the effects on peatlands could not be disentangled from those on wetlands,"
"Peatland management";"exclusion";"The paper did not deal with peatlands or carbon-rich soils or the effects on peatlands could not be disentangled from those on wetlands"
"Pesticides reduction strategies";"exclusion";"The paper is not written in English."
"Pesticides reduction strategies";"inclusion";"Control: conventional system, Treatment: low input system where pesticide input is reduced or minimized due to the use of a given practice (e.g. crop mixtures, decision support systems etc.)"
"Soil amendment with biochar";"exclusion";"The topic of the meta-analysis is out of the scope of this review."
"Soil amendment with biochar";"inclusion";"The meta-analysis describes the effects of biochar amendment versus no-biochar"
"Soil amendment with lime and gypsum";"exclusion";"The topic of the meta-analysis is out of the scope of this review."
"Water-saving irrigation practices in flooded lands";"exclusion";"The topic of the meta-analysis is out of the scope of this review"
"Water-saving irrigation practices in flooded lands";"inclusion";"The study compares the impact of non-continous flooding practices against continuously flooding cultivation in paddy fields."
"Water-saving irrigation practices in non-flooded lands";"exclusion";"The topic of the meta-analysis is out of the scope of this review"
"Water-saving irrigation practices in non-flooded lands";"inclusion";"The study compares the impact of one water-saving irrigation practice against non water-saving irrigation practices (e.g. full irrigation, surface irrigation, sprinkler irrigation, furrow irrigation, irrigation using freshwater) in non-flooded lands"
"Wetland conservation and restoration";"exclusion";"The paper did not deal with wetlands or the effects on wetlands could not be disentangled from those on peatlands,"
"Wetland management";"exclusion";"The paper did not deal with wetlands or the effects on wetlands could not be disentangled from those on peatlands,"
